LOCATION,INDICATOR,SUBJECT,MEASURE,FREQUENCY,TIME,Value,Flag Codes
AUS,HOSPITALBED,TOT,1000HAB,A,1960,9.65,
AUS,HOSPITALBED,TOT,1000HAB,A,1961,9.48,
AUS,HOSPITALBED,TOT,1000HAB,A,1962,9.38,
AUS,HOSPITALBED,TOT,1000HAB,A,1963,9.36,
AUS,HOSPITALBED,TOT,1000HAB,A,1964,9.23,
AUS,HOSPITALBED,TOT,1000HAB,A,1965,9.13,
AUS,HOSPITALBED,TOT,1000HAB,A,1966,8.93,
AUS,HOSPITALBED,TOT,1000HAB,A,1967,8.84,
AUS,HOSPITALBED,TOT,1000HAB,A,1968,8.61,
AUS,HOSPITALBED,TOT,1000HAB,A,1969,8.4,
AUS,HOSPITALBED,TOT,1000HAB,A,1970,8.25,
AUS,HOSPITALBED,TOT,1000HAB,A,1971,7.98,
AUS,HOSPITALBED,TOT,1000HAB,A,1972,7.9,
AUS,HOSPITALBED,TOT,1000HAB,A,1973,7.88,
AUS,HOSPITALBED,TOT,1000HAB,A,1974,8.0,
AUS,HOSPITALBED,TOT,1000HAB,A,1975,7.94,
AUS,HOSPITALBED,TOT,1000HAB,A,1976,7.97,
AUS,HOSPITALBED,TOT,1000HAB,A,1977,8.1,
AUS,HOSPITALBED,TOT,1000HAB,A,1978,8.05,
AUS,HOSPITALBED,TOT,1000HAB,A,1979,8.0,
AUS,HOSPITALBED,TOT,1000HAB,A,1980,7.84,
AUS,HOSPITALBED,TOT,1000HAB,A,1981,7.65,
AUS,HOSPITALBED,TOT,1000HAB,A,1982,7.43,
AUS,HOSPITALBED,TOT,1000HAB,A,1983,7.2,
AUS,HOSPITALBED,TOT,1000HAB,A,1984,6.94,
AUS,HOSPITALBED,TOT,1000HAB,A,1985,6.24,B
AUS,HOSPITALBED,TOT,1000HAB,A,1987,5.82,
AUS,HOSPITALBED,TOT,1000HAB,A,1989,5.43,
AUS,HOSPITALBED,TOT,1000HAB,A,1991,4.92,
AUS,HOSPITALBED,TOT,1000HAB,A,1992,4.65,
AUS,HOSPITALBED,TOT,1000HAB,A,1993,4.68,
AUS,HOSPITALBED,TOT,1000HAB,A,1994,4.59,
AUS,HOSPITALBED,TOT,1000HAB,A,1995,4.58,
AUS,HOSPITALBED,TOT,1000HAB,A,1996,4.38,
AUS,HOSPITALBED,TOT,1000HAB,A,1997,4.28,
AUS,HOSPITALBED,TOT,1000HAB,A,1998,4.17,
AUS,HOSPITALBED,TOT,1000HAB,A,1999,4.07,
AUS,HOSPITALBED,TOT,1000HAB,A,2000,4.04,
AUS,HOSPITALBED,TOT,1000HAB,A,2001,3.95,
AUS,HOSPITALBED,TOT,1000HAB,A,2002,3.93,
AUS,HOSPITALBED,TOT,1000HAB,A,2003,3.97,
AUS,HOSPITALBED,TOT,1000HAB,A,2004,4.0,
AUS,HOSPITALBED,TOT,1000HAB,A,2005,3.9,
AUS,HOSPITALBED,TOT,1000HAB,A,2006,3.93,
AUS,HOSPITALBED,TOT,1000HAB,A,2008,3.82,
AUS,HOSPITALBED,TOT,1000HAB,A,2009,3.77,
AUS,HOSPITALBED,TOT,1000HAB,A,2010,3.78,
AUS,HOSPITALBED,TOT,1000HAB,A,2011,3.79,
AUS,HOSPITALBED,TOT,1000HAB,A,2012,3.75,E
AUS,HOSPITALBED,TOT,1000HAB,A,2013,3.74,
AUS,HOSPITALBED,TOT,1000HAB,A,2014,3.79,
AUS,HOSPITALBED,TOT,1000HAB,A,2015,3.82,
AUS,HOSPITALBED,TOT,1000HAB,A,2016,3.84,
AUT,HOSPITALBED,TOT,1000HAB,A,1985,9.94,
AUT,HOSPITALBED,TOT,1000HAB,A,1986,9.91,
AUT,HOSPITALBED,TOT,1000HAB,A,1987,9.79,
AUT,HOSPITALBED,TOT,1000HAB,A,1988,9.65,
AUT,HOSPITALBED,TOT,1000HAB,A,1989,9.51,
AUT,HOSPITALBED,TOT,1000HAB,A,1990,9.29,
AUT,HOSPITALBED,TOT,1000HAB,A,1991,9.05,
AUT,HOSPITALBED,TOT,1000HAB,A,1992,8.83,
AUT,HOSPITALBED,TOT,1000HAB,A,1993,8.69,
AUT,HOSPITALBED,TOT,1000HAB,A,1994,8.6,
AUT,HOSPITALBED,TOT,1000HAB,A,1995,8.54,
AUT,HOSPITALBED,TOT,1000HAB,A,1996,8.44,
AUT,HOSPITALBED,TOT,1000HAB,A,1997,8.34,
AUT,HOSPITALBED,TOT,1000HAB,A,1998,8.2,
AUT,HOSPITALBED,TOT,1000HAB,A,1999,8.08,
AUT,HOSPITALBED,TOT,1000HAB,A,2000,7.95,
AUT,HOSPITALBED,TOT,1000HAB,A,2001,7.85,
AUT,HOSPITALBED,TOT,1000HAB,A,2002,7.81,
AUT,HOSPITALBED,TOT,1000HAB,A,2003,7.73,
AUT,HOSPITALBED,TOT,1000HAB,A,2004,7.73,
AUT,HOSPITALBED,TOT,1000HAB,A,2005,7.69,
AUT,HOSPITALBED,TOT,1000HAB,A,2006,7.66,
AUT,HOSPITALBED,TOT,1000HAB,A,2007,7.75,
AUT,HOSPITALBED,TOT,1000HAB,A,2008,7.69,
AUT,HOSPITALBED,TOT,1000HAB,A,2009,7.68,
AUT,HOSPITALBED,TOT,1000HAB,A,2010,7.65,
AUT,HOSPITALBED,TOT,1000HAB,A,2011,7.68,
AUT,HOSPITALBED,TOT,1000HAB,A,2012,7.67,
AUT,HOSPITALBED,TOT,1000HAB,A,2013,7.64,
AUT,HOSPITALBED,TOT,1000HAB,A,2014,7.58,
AUT,HOSPITALBED,TOT,1000HAB,A,2015,7.54,
AUT,HOSPITALBED,TOT,1000HAB,A,2016,7.42,
AUT,HOSPITALBED,TOT,1000HAB,A,2017,7.37,
AUT,HOSPITALBED,TOT,1000HAB,A,2018,7.27,
AUT,HOSPITALBED,TOT,1000HAB,A,2019,7.19,
BEL,HOSPITALBED,TOT,1000HAB,A,1988,7.68,
BEL,HOSPITALBED,TOT,1000HAB,A,1989,7.64,
BEL,HOSPITALBED,TOT,1000HAB,A,1990,7.61,
BEL,HOSPITALBED,TOT,1000HAB,A,1991,7.5,
BEL,HOSPITALBED,TOT,1000HAB,A,1992,7.43,
BEL,HOSPITALBED,TOT,1000HAB,A,1993,7.36,
BEL,HOSPITALBED,TOT,1000HAB,A,1994,7.13,B
BEL,HOSPITALBED,TOT,1000HAB,A,1995,7.05,
BEL,HOSPITALBED,TOT,1000HAB,A,1996,6.97,
BEL,HOSPITALBED,TOT,1000HAB,A,1997,6.92,
BEL,HOSPITALBED,TOT,1000HAB,A,1998,6.84,
BEL,HOSPITALBED,TOT,1000HAB,A,1999,6.79,
BEL,HOSPITALBED,TOT,1000HAB,A,2000,6.72,
BEL,HOSPITALBED,TOT,1000HAB,A,2001,6.62,
BEL,HOSPITALBED,TOT,1000HAB,A,2002,6.54,
BEL,HOSPITALBED,TOT,1000HAB,A,2003,6.53,
BEL,HOSPITALBED,TOT,1000HAB,A,2004,6.48,
BEL,HOSPITALBED,TOT,1000HAB,A,2005,6.44,
BEL,HOSPITALBED,TOT,1000HAB,A,2006,6.35,
BEL,HOSPITALBED,TOT,1000HAB,A,2007,6.27,
BEL,HOSPITALBED,TOT,1000HAB,A,2008,6.25,
BEL,HOSPITALBED,TOT,1000HAB,A,2009,6.15,
BEL,HOSPITALBED,TOT,1000HAB,A,2010,6.12,
BEL,HOSPITALBED,TOT,1000HAB,A,2011,6.05,
BEL,HOSPITALBED,TOT,1000HAB,A,2012,5.99,
BEL,HOSPITALBED,TOT,1000HAB,A,2013,5.93,
BEL,HOSPITALBED,TOT,1000HAB,A,2014,5.85,
BEL,HOSPITALBED,TOT,1000HAB,A,2015,5.83,
BEL,HOSPITALBED,TOT,1000HAB,A,2016,5.76,
BEL,HOSPITALBED,TOT,1000HAB,A,2017,5.66,
BEL,HOSPITALBED,TOT,1000HAB,A,2018,5.62,
BEL,HOSPITALBED,TOT,1000HAB,A,2019,5.57,B
BEL,HOSPITALBED,TOT,1000HAB,A,2020,5.54,
CAN,HOSPITALBED,TOT,1000HAB,A,1976,6.92,
CAN,HOSPITALBED,TOT,1000HAB,A,1977,6.88,
CAN,HOSPITALBED,TOT,1000HAB,A,1978,6.87,
CAN,HOSPITALBED,TOT,1000HAB,A,1979,6.79,
CAN,HOSPITALBED,TOT,1000HAB,A,1980,6.75,
CAN,HOSPITALBED,TOT,1000HAB,A,1981,6.86,
CAN,HOSPITALBED,TOT,1000HAB,A,1982,6.83,
CAN,HOSPITALBED,TOT,1000HAB,A,1983,6.84,
CAN,HOSPITALBED,TOT,1000HAB,A,1984,6.82,
CAN,HOSPITALBED,TOT,1000HAB,A,1985,6.75,
CAN,HOSPITALBED,TOT,1000HAB,A,1986,6.7,
CAN,HOSPITALBED,TOT,1000HAB,A,1987,6.61,
CAN,HOSPITALBED,TOT,1000HAB,A,1988,6.49,
CAN,HOSPITALBED,TOT,1000HAB,A,1989,6.34,
CAN,HOSPITALBED,TOT,1000HAB,A,1990,5.99,
CAN,HOSPITALBED,TOT,1000HAB,A,1991,5.76,
CAN,HOSPITALBED,TOT,1000HAB,A,1992,5.51,
CAN,HOSPITALBED,TOT,1000HAB,A,1993,5.41,
CAN,HOSPITALBED,TOT,1000HAB,A,1995,4.7,B
CAN,HOSPITALBED,TOT,1000HAB,A,1996,4.57,
CAN,HOSPITALBED,TOT,1000HAB,A,1997,4.55,
CAN,HOSPITALBED,TOT,1000HAB,A,1998,4.38,
CAN,HOSPITALBED,TOT,1000HAB,A,1999,3.92,
CAN,HOSPITALBED,TOT,1000HAB,A,2000,3.77,
CAN,HOSPITALBED,TOT,1000HAB,A,2001,3.69,
CAN,HOSPITALBED,TOT,1000HAB,A,2002,3.64,
CAN,HOSPITALBED,TOT,1000HAB,A,2003,3.5,
CAN,HOSPITALBED,TOT,1000HAB,A,2004,3.44,
CAN,HOSPITALBED,TOT,1000HAB,A,2005,3.1,B
CAN,HOSPITALBED,TOT,1000HAB,A,2006,3.02,B
CAN,HOSPITALBED,TOT,1000HAB,A,2007,2.96,
CAN,HOSPITALBED,TOT,1000HAB,A,2008,2.85,
CAN,HOSPITALBED,TOT,1000HAB,A,2009,2.8,
CAN,HOSPITALBED,TOT,1000HAB,A,2010,2.78,
CAN,HOSPITALBED,TOT,1000HAB,A,2011,2.8,
CAN,HOSPITALBED,TOT,1000HAB,A,2012,2.79,
CAN,HOSPITALBED,TOT,1000HAB,A,2013,2.72,
CAN,HOSPITALBED,TOT,1000HAB,A,2014,2.67,
CAN,HOSPITALBED,TOT,1000HAB,A,2015,2.62,
CAN,HOSPITALBED,TOT,1000HAB,A,2016,2.6,
CAN,HOSPITALBED,TOT,1000HAB,A,2017,2.53,
CAN,HOSPITALBED,TOT,1000HAB,A,2018,2.55,
CAN,HOSPITALBED,TOT,1000HAB,A,2019,2.52,
CZE,HOSPITALBED,TOT,1000HAB,A,1980,10.08,
CZE,HOSPITALBED,TOT,1000HAB,A,1985,10.11,
CZE,HOSPITALBED,TOT,1000HAB,A,1990,9.95,
CZE,HOSPITALBED,TOT,1000HAB,A,1995,8.5,
CZE,HOSPITALBED,TOT,1000HAB,A,1996,8.26,
CZE,HOSPITALBED,TOT,1000HAB,A,1997,8.04,
CZE,HOSPITALBED,TOT,1000HAB,A,1998,7.93,
CZE,HOSPITALBED,TOT,1000HAB,A,1999,7.74,
CZE,HOSPITALBED,TOT,1000HAB,A,2000,7.8,B
CZE,HOSPITALBED,TOT,1000HAB,A,2001,7.77,
CZE,HOSPITALBED,TOT,1000HAB,A,2002,7.76,
CZE,HOSPITALBED,TOT,1000HAB,A,2003,7.73,
CZE,HOSPITALBED,TOT,1000HAB,A,2004,7.65,
CZE,HOSPITALBED,TOT,1000HAB,A,2005,7.57,
CZE,HOSPITALBED,TOT,1000HAB,A,2006,7.45,
CZE,HOSPITALBED,TOT,1000HAB,A,2007,7.33,
CZE,HOSPITALBED,TOT,1000HAB,A,2008,7.21,
CZE,HOSPITALBED,TOT,1000HAB,A,2009,7.14,
CZE,HOSPITALBED,TOT,1000HAB,A,2010,7.3,B
CZE,HOSPITALBED,TOT,1000HAB,A,2011,7.06,
CZE,HOSPITALBED,TOT,1000HAB,A,2012,6.93,
CZE,HOSPITALBED,TOT,1000HAB,A,2013,6.7,
CZE,HOSPITALBED,TOT,1000HAB,A,2014,6.68,
CZE,HOSPITALBED,TOT,1000HAB,A,2015,6.67,
CZE,HOSPITALBED,TOT,1000HAB,A,2016,6.66,
CZE,HOSPITALBED,TOT,1000HAB,A,2017,6.63,
CZE,HOSPITALBED,TOT,1000HAB,A,2018,6.62,
CZE,HOSPITALBED,TOT,1000HAB,A,2019,6.58,
DNK,HOSPITALBED,TOT,1000HAB,A,1997,4.64,
DNK,HOSPITALBED,TOT,1000HAB,A,1998,4.54,
DNK,HOSPITALBED,TOT,1000HAB,A,1999,4.39,
DNK,HOSPITALBED,TOT,1000HAB,A,2000,4.29,
DNK,HOSPITALBED,TOT,1000HAB,A,2001,4.22,
DNK,HOSPITALBED,TOT,1000HAB,A,2002,4.29,
DNK,HOSPITALBED,TOT,1000HAB,A,2003,4.13,
DNK,HOSPITALBED,TOT,1000HAB,A,2004,3.97,
DNK,HOSPITALBED,TOT,1000HAB,A,2005,3.86,
DNK,HOSPITALBED,TOT,1000HAB,A,2006,3.79,
DNK,HOSPITALBED,TOT,1000HAB,A,2007,3.69,
DNK,HOSPITALBED,TOT,1000HAB,A,2008,3.57,
DNK,HOSPITALBED,TOT,1000HAB,A,2009,3.49,
DNK,HOSPITALBED,TOT,1000HAB,A,2010,3.5,
DNK,HOSPITALBED,TOT,1000HAB,A,2011,3.13,B
DNK,HOSPITALBED,TOT,1000HAB,A,2013,3.07,
DNK,HOSPITALBED,TOT,1000HAB,A,2014,2.69,B
DNK,HOSPITALBED,TOT,1000HAB,A,2015,2.53,
DNK,HOSPITALBED,TOT,1000HAB,A,2016,2.6,
DNK,HOSPITALBED,TOT,1000HAB,A,2017,2.61,
DNK,HOSPITALBED,TOT,1000HAB,A,2018,2.61,
DNK,HOSPITALBED,TOT,1000HAB,A,2019,2.59,
DNK,HOSPITALBED,TOT,1000HAB,A,2020,2.57,P
FIN,HOSPITALBED,TOT,1000HAB,A,1993,8.25,
FIN,HOSPITALBED,TOT,1000HAB,A,1994,8.19,
FIN,HOSPITALBED,TOT,1000HAB,A,1995,8.12,
FIN,HOSPITALBED,TOT,1000HAB,A,1996,8.12,
FIN,HOSPITALBED,TOT,1000HAB,A,1997,7.9,
FIN,HOSPITALBED,TOT,1000HAB,A,1998,7.77,
FIN,HOSPITALBED,TOT,1000HAB,A,1999,7.61,
FIN,HOSPITALBED,TOT,1000HAB,A,2000,7.54,B
FIN,HOSPITALBED,TOT,1000HAB,A,2001,7.46,
FIN,HOSPITALBED,TOT,1000HAB,A,2002,7.35,
FIN,HOSPITALBED,TOT,1000HAB,A,2003,7.24,
FIN,HOSPITALBED,TOT,1000HAB,A,2004,7.1,
FIN,HOSPITALBED,TOT,1000HAB,A,2005,7.05,
FIN,HOSPITALBED,TOT,1000HAB,A,2006,6.99,
FIN,HOSPITALBED,TOT,1000HAB,A,2007,6.73,
FIN,HOSPITALBED,TOT,1000HAB,A,2008,6.57,
FIN,HOSPITALBED,TOT,1000HAB,A,2009,6.25,
FIN,HOSPITALBED,TOT,1000HAB,A,2010,5.85,
FIN,HOSPITALBED,TOT,1000HAB,A,2011,5.52,
FIN,HOSPITALBED,TOT,1000HAB,A,2012,5.3,
FIN,HOSPITALBED,TOT,1000HAB,A,2013,4.87,
FIN,HOSPITALBED,TOT,1000HAB,A,2014,4.53,
FIN,HOSPITALBED,TOT,1000HAB,A,2015,4.35,
FIN,HOSPITALBED,TOT,1000HAB,A,2016,3.97,
FIN,HOSPITALBED,TOT,1000HAB,A,2017,3.28,
FIN,HOSPITALBED,TOT,1000HAB,A,2018,3.61,
FIN,HOSPITALBED,TOT,1000HAB,A,2019,3.35,
FRA,HOSPITALBED,TOT,1000HAB,A,1997,8.49,
FRA,HOSPITALBED,TOT,1000HAB,A,1998,8.34,
FRA,HOSPITALBED,TOT,1000HAB,A,1999,8.2,
FRA,HOSPITALBED,TOT,1000HAB,A,2000,7.97,
FRA,HOSPITALBED,TOT,1000HAB,A,2001,7.83,
FRA,HOSPITALBED,TOT,1000HAB,A,2002,7.71,
FRA,HOSPITALBED,TOT,1000HAB,A,2003,7.55,
FRA,HOSPITALBED,TOT,1000HAB,A,2004,7.39,
FRA,HOSPITALBED,TOT,1000HAB,A,2005,7.22,
FRA,HOSPITALBED,TOT,1000HAB,A,2006,7.11,
FRA,HOSPITALBED,TOT,1000HAB,A,2007,7.06,
FRA,HOSPITALBED,TOT,1000HAB,A,2008,6.9,
FRA,HOSPITALBED,TOT,1000HAB,A,2009,6.66,
FRA,HOSPITALBED,TOT,1000HAB,A,2010,6.43,
FRA,HOSPITALBED,TOT,1000HAB,A,2011,6.36,
FRA,HOSPITALBED,TOT,1000HAB,A,2012,6.34,
FRA,HOSPITALBED,TOT,1000HAB,A,2013,6.28,
FRA,HOSPITALBED,TOT,1000HAB,A,2014,6.2,
FRA,HOSPITALBED,TOT,1000HAB,A,2015,6.13,
FRA,HOSPITALBED,TOT,1000HAB,A,2016,6.06,
FRA,HOSPITALBED,TOT,1000HAB,A,2017,5.98,
FRA,HOSPITALBED,TOT,1000HAB,A,2018,5.9,
FRA,HOSPITALBED,TOT,1000HAB,A,2019,5.84,
DEU,HOSPITALBED,TOT,1000HAB,A,1991,10.12,
DEU,HOSPITALBED,TOT,1000HAB,A,1992,9.88,
DEU,HOSPITALBED,TOT,1000HAB,A,1993,9.66,
DEU,HOSPITALBED,TOT,1000HAB,A,1994,9.71,
DEU,HOSPITALBED,TOT,1000HAB,A,1995,9.68,
DEU,HOSPITALBED,TOT,1000HAB,A,1996,9.57,
DEU,HOSPITALBED,TOT,1000HAB,A,1997,9.38,
DEU,HOSPITALBED,TOT,1000HAB,A,1998,9.29,
DEU,HOSPITALBED,TOT,1000HAB,A,1999,9.19,
DEU,HOSPITALBED,TOT,1000HAB,A,2000,9.12,
DEU,HOSPITALBED,TOT,1000HAB,A,2001,9.01,
DEU,HOSPITALBED,TOT,1000HAB,A,2002,8.87,
DEU,HOSPITALBED,TOT,1000HAB,A,2003,8.74,
DEU,HOSPITALBED,TOT,1000HAB,A,2004,8.58,
DEU,HOSPITALBED,TOT,1000HAB,A,2005,8.47,
DEU,HOSPITALBED,TOT,1000HAB,A,2006,8.3,
DEU,HOSPITALBED,TOT,1000HAB,A,2007,8.24,
DEU,HOSPITALBED,TOT,1000HAB,A,2008,8.21,
DEU,HOSPITALBED,TOT,1000HAB,A,2009,8.24,
DEU,HOSPITALBED,TOT,1000HAB,A,2010,8.25,
DEU,HOSPITALBED,TOT,1000HAB,A,2011,8.38,
DEU,HOSPITALBED,TOT,1000HAB,A,2012,8.34,
DEU,HOSPITALBED,TOT,1000HAB,A,2013,8.28,
DEU,HOSPITALBED,TOT,1000HAB,A,2014,8.23,
DEU,HOSPITALBED,TOT,1000HAB,A,2015,8.13,
DEU,HOSPITALBED,TOT,1000HAB,A,2016,8.06,
DEU,HOSPITALBED,TOT,1000HAB,A,2017,8.0,
DEU,HOSPITALBED,TOT,1000HAB,A,2018,7.98,
DEU,HOSPITALBED,TOT,1000HAB,A,2019,7.91,
GRC,HOSPITALBED,TOT,1000HAB,A,1960,5.79,
GRC,HOSPITALBED,TOT,1000HAB,A,1961,5.81,
GRC,HOSPITALBED,TOT,1000HAB,A,1962,5.83,
GRC,HOSPITALBED,TOT,1000HAB,A,1963,5.87,
GRC,HOSPITALBED,TOT,1000HAB,A,1964,5.68,
GRC,HOSPITALBED,TOT,1000HAB,A,1965,5.89,
GRC,HOSPITALBED,TOT,1000HAB,A,1966,5.99,
GRC,HOSPITALBED,TOT,1000HAB,A,1967,6.01,
GRC,HOSPITALBED,TOT,1000HAB,A,1968,6.09,
GRC,HOSPITALBED,TOT,1000HAB,A,1969,6.12,
GRC,HOSPITALBED,TOT,1000HAB,A,1970,6.21,
GRC,HOSPITALBED,TOT,1000HAB,A,1971,6.37,
GRC,HOSPITALBED,TOT,1000HAB,A,1972,6.3,
GRC,HOSPITALBED,TOT,1000HAB,A,1973,6.28,
GRC,HOSPITALBED,TOT,1000HAB,A,1974,6.35,
GRC,HOSPITALBED,TOT,1000HAB,A,1975,6.47,
GRC,HOSPITALBED,TOT,1000HAB,A,1976,6.37,
GRC,HOSPITALBED,TOT,1000HAB,A,1977,6.35,
GRC,HOSPITALBED,TOT,1000HAB,A,1978,6.26,
GRC,HOSPITALBED,TOT,1000HAB,A,1979,6.29,
GRC,HOSPITALBED,TOT,1000HAB,A,1980,6.23,
GRC,HOSPITALBED,TOT,1000HAB,A,1981,6.16,
GRC,HOSPITALBED,TOT,1000HAB,A,1982,6.02,
GRC,HOSPITALBED,TOT,1000HAB,A,1983,5.84,
GRC,HOSPITALBED,TOT,1000HAB,A,1984,5.77,
GRC,HOSPITALBED,TOT,1000HAB,A,1985,5.48,
GRC,HOSPITALBED,TOT,1000HAB,A,1986,5.3,
GRC,HOSPITALBED,TOT,1000HAB,A,1987,5.17,
GRC,HOSPITALBED,TOT,1000HAB,A,1988,5.14,
GRC,HOSPITALBED,TOT,1000HAB,A,1989,5.1,
GRC,HOSPITALBED,TOT,1000HAB,A,1990,5.03,
GRC,HOSPITALBED,TOT,1000HAB,A,1991,4.97,
GRC,HOSPITALBED,TOT,1000HAB,A,1992,4.94,
GRC,HOSPITALBED,TOT,1000HAB,A,1993,4.98,
GRC,HOSPITALBED,TOT,1000HAB,A,1994,4.93,
GRC,HOSPITALBED,TOT,1000HAB,A,1995,4.94,
GRC,HOSPITALBED,TOT,1000HAB,A,1996,4.96,
GRC,HOSPITALBED,TOT,1000HAB,A,1997,4.92,
GRC,HOSPITALBED,TOT,1000HAB,A,1998,4.9,
GRC,HOSPITALBED,TOT,1000HAB,A,1999,4.78,
GRC,HOSPITALBED,TOT,1000HAB,A,2000,4.77,
GRC,HOSPITALBED,TOT,1000HAB,A,2001,4.81,
GRC,HOSPITALBED,TOT,1000HAB,A,2002,4.75,
GRC,HOSPITALBED,TOT,1000HAB,A,2003,4.74,
GRC,HOSPITALBED,TOT,1000HAB,A,2004,4.73,
GRC,HOSPITALBED,TOT,1000HAB,A,2005,4.78,
GRC,HOSPITALBED,TOT,1000HAB,A,2006,4.87,
GRC,HOSPITALBED,TOT,1000HAB,A,2007,4.88,
GRC,HOSPITALBED,TOT,1000HAB,A,2008,4.84,
GRC,HOSPITALBED,TOT,1000HAB,A,2009,4.93,
GRC,HOSPITALBED,TOT,1000HAB,A,2010,4.48,B
GRC,HOSPITALBED,TOT,1000HAB,A,2011,4.47,
GRC,HOSPITALBED,TOT,1000HAB,A,2012,4.45,
GRC,HOSPITALBED,TOT,1000HAB,A,2013,4.24,
GRC,HOSPITALBED,TOT,1000HAB,A,2014,4.24,
GRC,HOSPITALBED,TOT,1000HAB,A,2015,4.25,
GRC,HOSPITALBED,TOT,1000HAB,A,2016,4.2,
GRC,HOSPITALBED,TOT,1000HAB,A,2017,4.21,
GRC,HOSPITALBED,TOT,1000HAB,A,2018,4.2,
GRC,HOSPITALBED,TOT,1000HAB,A,2019,4.18,
HUN,HOSPITALBED,TOT,1000HAB,A,2000,8.16,
HUN,HOSPITALBED,TOT,1000HAB,A,2001,7.92,
HUN,HOSPITALBED,TOT,1000HAB,A,2002,7.91,
HUN,HOSPITALBED,TOT,1000HAB,A,2003,7.9,
HUN,HOSPITALBED,TOT,1000HAB,A,2004,7.89,
HUN,HOSPITALBED,TOT,1000HAB,A,2005,7.91,
HUN,HOSPITALBED,TOT,1000HAB,A,2006,7.98,
HUN,HOSPITALBED,TOT,1000HAB,A,2007,7.19,B
HUN,HOSPITALBED,TOT,1000HAB,A,2008,7.11,
HUN,HOSPITALBED,TOT,1000HAB,A,2009,7.14,
HUN,HOSPITALBED,TOT,1000HAB,A,2010,7.18,
HUN,HOSPITALBED,TOT,1000HAB,A,2011,7.19,
HUN,HOSPITALBED,TOT,1000HAB,A,2012,7.0,
HUN,HOSPITALBED,TOT,1000HAB,A,2013,7.04,
HUN,HOSPITALBED,TOT,1000HAB,A,2014,6.98,
HUN,HOSPITALBED,TOT,1000HAB,A,2015,6.99,
HUN,HOSPITALBED,TOT,1000HAB,A,2016,7.0,
HUN,HOSPITALBED,TOT,1000HAB,A,2017,7.02,
HUN,HOSPITALBED,TOT,1000HAB,A,2018,6.95,B
HUN,HOSPITALBED,TOT,1000HAB,A,2019,6.91,
HUN,HOSPITALBED,TOT,1000HAB,A,2020,6.75,P
ISL,HOSPITALBED,TOT,1000HAB,A,2007,4.12,
ISL,HOSPITALBED,TOT,1000HAB,A,2008,3.91,
ISL,HOSPITALBED,TOT,1000HAB,A,2009,3.7,
ISL,HOSPITALBED,TOT,1000HAB,A,2010,3.58,
ISL,HOSPITALBED,TOT,1000HAB,A,2011,3.29,
ISL,HOSPITALBED,TOT,1000HAB,A,2012,3.25,
ISL,HOSPITALBED,TOT,1000HAB,A,2013,3.22,
ISL,HOSPITALBED,TOT,1000HAB,A,2014,3.16,
ISL,HOSPITALBED,TOT,1000HAB,A,2015,3.12,
ISL,HOSPITALBED,TOT,1000HAB,A,2016,3.13,
ISL,HOSPITALBED,TOT,1000HAB,A,2017,3.06,
ISL,HOSPITALBED,TOT,1000HAB,A,2018,2.87,
ISL,HOSPITALBED,TOT,1000HAB,A,2019,2.8,
ISL,HOSPITALBED,TOT,1000HAB,A,2020,2.85,
IRL,HOSPITALBED,TOT,1000HAB,A,1980,9.03,
IRL,HOSPITALBED,TOT,1000HAB,A,1981,8.99,
IRL,HOSPITALBED,TOT,1000HAB,A,1982,8.82,
IRL,HOSPITALBED,TOT,1000HAB,A,1983,8.59,
IRL,HOSPITALBED,TOT,1000HAB,A,1984,8.38,
IRL,HOSPITALBED,TOT,1000HAB,A,1985,8.21,
IRL,HOSPITALBED,TOT,1000HAB,A,1986,7.92,
IRL,HOSPITALBED,TOT,1000HAB,A,1987,9.13,B
IRL,HOSPITALBED,TOT,1000HAB,A,1988,8.41,
IRL,HOSPITALBED,TOT,1000HAB,A,1989,8.23,
IRL,HOSPITALBED,TOT,1000HAB,A,1990,8.02,
IRL,HOSPITALBED,TOT,1000HAB,A,1991,7.95,
IRL,HOSPITALBED,TOT,1000HAB,A,1992,7.61,
IRL,HOSPITALBED,TOT,1000HAB,A,1993,7.23,
IRL,HOSPITALBED,TOT,1000HAB,A,1994,7.06,
IRL,HOSPITALBED,TOT,1000HAB,A,1995,6.97,
IRL,HOSPITALBED,TOT,1000HAB,A,1996,6.77,
IRL,HOSPITALBED,TOT,1000HAB,A,1997,6.56,
IRL,HOSPITALBED,TOT,1000HAB,A,1998,6.39,
IRL,HOSPITALBED,TOT,1000HAB,A,1999,6.24,
IRL,HOSPITALBED,TOT,1000HAB,A,2000,6.13,
IRL,HOSPITALBED,TOT,1000HAB,A,2001,5.86,
IRL,HOSPITALBED,TOT,1000HAB,A,2002,5.78,
IRL,HOSPITALBED,TOT,1000HAB,A,2003,5.67,
IRL,HOSPITALBED,TOT,1000HAB,A,2004,5.64,
IRL,HOSPITALBED,TOT,1000HAB,A,2005,5.46,
IRL,HOSPITALBED,TOT,1000HAB,A,2006,5.26,
IRL,HOSPITALBED,TOT,1000HAB,A,2007,5.1,
IRL,HOSPITALBED,TOT,1000HAB,A,2008,4.85,
IRL,HOSPITALBED,TOT,1000HAB,A,2009,2.83,B
IRL,HOSPITALBED,TOT,1000HAB,A,2010,2.73,
IRL,HOSPITALBED,TOT,1000HAB,A,2011,2.62,
IRL,HOSPITALBED,TOT,1000HAB,A,2012,2.54,
IRL,HOSPITALBED,TOT,1000HAB,A,2013,2.56,
IRL,HOSPITALBED,TOT,1000HAB,A,2014,2.57,
IRL,HOSPITALBED,TOT,1000HAB,A,2015,2.92,B
IRL,HOSPITALBED,TOT,1000HAB,A,2016,2.96,
IRL,HOSPITALBED,TOT,1000HAB,A,2017,2.97,
IRL,HOSPITALBED,TOT,1000HAB,A,2018,2.97,
IRL,HOSPITALBED,TOT,1000HAB,A,2019,2.88,B
ITA,HOSPITALBED,TOT,1000HAB,A,1960,8.97,
ITA,HOSPITALBED,TOT,1000HAB,A,1961,9.1,
ITA,HOSPITALBED,TOT,1000HAB,A,1962,9.28,
ITA,HOSPITALBED,TOT,1000HAB,A,1963,9.47,
ITA,HOSPITALBED,TOT,1000HAB,A,1964,9.55,
ITA,HOSPITALBED,TOT,1000HAB,A,1965,9.65,
ITA,HOSPITALBED,TOT,1000HAB,A,1966,9.82,
ITA,HOSPITALBED,TOT,1000HAB,A,1967,9.99,
ITA,HOSPITALBED,TOT,1000HAB,A,1968,10.2,
ITA,HOSPITALBED,TOT,1000HAB,A,1969,10.47,
ITA,HOSPITALBED,TOT,1000HAB,A,1970,10.56,
ITA,HOSPITALBED,TOT,1000HAB,A,1971,10.58,
ITA,HOSPITALBED,TOT,1000HAB,A,1972,10.58,
ITA,HOSPITALBED,TOT,1000HAB,A,1973,10.53,
ITA,HOSPITALBED,TOT,1000HAB,A,1974,10.59,
ITA,HOSPITALBED,TOT,1000HAB,A,1975,10.61,
ITA,HOSPITALBED,TOT,1000HAB,A,1976,10.45,
ITA,HOSPITALBED,TOT,1000HAB,A,1977,10.26,
ITA,HOSPITALBED,TOT,1000HAB,A,1978,10.01,
ITA,HOSPITALBED,TOT,1000HAB,A,1979,9.85,
ITA,HOSPITALBED,TOT,1000HAB,A,1980,9.61,
ITA,HOSPITALBED,TOT,1000HAB,A,1981,9.37,
ITA,HOSPITALBED,TOT,1000HAB,A,1982,9.12,
ITA,HOSPITALBED,TOT,1000HAB,A,1983,8.85,
ITA,HOSPITALBED,TOT,1000HAB,A,1984,8.51,
ITA,HOSPITALBED,TOT,1000HAB,A,1985,8.32,
ITA,HOSPITALBED,TOT,1000HAB,A,1986,7.96,
ITA,HOSPITALBED,TOT,1000HAB,A,1987,7.78,
ITA,HOSPITALBED,TOT,1000HAB,A,1988,7.49,
ITA,HOSPITALBED,TOT,1000HAB,A,1989,7.05,
ITA,HOSPITALBED,TOT,1000HAB,A,1990,7.23,
ITA,HOSPITALBED,TOT,1000HAB,A,1991,6.8,
ITA,HOSPITALBED,TOT,1000HAB,A,1992,6.86,
ITA,HOSPITALBED,TOT,1000HAB,A,1993,6.69,
ITA,HOSPITALBED,TOT,1000HAB,A,1994,6.57,
ITA,HOSPITALBED,TOT,1000HAB,A,1995,6.27,
ITA,HOSPITALBED,TOT,1000HAB,A,1996,6.55,
ITA,HOSPITALBED,TOT,1000HAB,A,1997,5.88,
ITA,HOSPITALBED,TOT,1000HAB,A,1998,5.55,
ITA,HOSPITALBED,TOT,1000HAB,A,1999,4.93,
ITA,HOSPITALBED,TOT,1000HAB,A,2000,4.71,
ITA,HOSPITALBED,TOT,1000HAB,A,2001,4.61,
ITA,HOSPITALBED,TOT,1000HAB,A,2002,4.44,
ITA,HOSPITALBED,TOT,1000HAB,A,2003,4.18,
ITA,HOSPITALBED,TOT,1000HAB,A,2004,4.02,
ITA,HOSPITALBED,TOT,1000HAB,A,2005,4.04,
ITA,HOSPITALBED,TOT,1000HAB,A,2006,3.99,
ITA,HOSPITALBED,TOT,1000HAB,A,2007,3.91,
ITA,HOSPITALBED,TOT,1000HAB,A,2008,3.79,
ITA,HOSPITALBED,TOT,1000HAB,A,2009,3.69,
ITA,HOSPITALBED,TOT,1000HAB,A,2010,3.64,
ITA,HOSPITALBED,TOT,1000HAB,A,2011,3.52,
ITA,HOSPITALBED,TOT,1000HAB,A,2012,3.42,
ITA,HOSPITALBED,TOT,1000HAB,A,2013,3.31,
ITA,HOSPITALBED,TOT,1000HAB,A,2014,3.21,
ITA,HOSPITALBED,TOT,1000HAB,A,2015,3.2,
ITA,HOSPITALBED,TOT,1000HAB,A,2016,3.17,
ITA,HOSPITALBED,TOT,1000HAB,A,2017,3.18,
ITA,HOSPITALBED,TOT,1000HAB,A,2018,3.14,
ITA,HOSPITALBED,TOT,1000HAB,A,2019,3.16,
JPN,HOSPITALBED,TOT,1000HAB,A,1993,15.58,
JPN,HOSPITALBED,TOT,1000HAB,A,1994,15.48,
JPN,HOSPITALBED,TOT,1000HAB,A,1995,15.36,
JPN,HOSPITALBED,TOT,1000HAB,A,1996,15.19,
JPN,HOSPITALBED,TOT,1000HAB,A,1997,15.06,
JPN,HOSPITALBED,TOT,1000HAB,A,1998,14.96,
JPN,HOSPITALBED,TOT,1000HAB,A,1999,14.78,
JPN,HOSPITALBED,TOT,1000HAB,A,2000,14.69,
JPN,HOSPITALBED,TOT,1000HAB,A,2001,14.58,
JPN,HOSPITALBED,TOT,1000HAB,A,2002,14.43,
JPN,HOSPITALBED,TOT,1000HAB,A,2003,14.26,
JPN,HOSPITALBED,TOT,1000HAB,A,2004,14.2,
JPN,HOSPITALBED,TOT,1000HAB,A,2005,14.08,
JPN,HOSPITALBED,TOT,1000HAB,A,2006,13.97,
JPN,HOSPITALBED,TOT,1000HAB,A,2007,13.87,
JPN,HOSPITALBED,TOT,1000HAB,A,2008,13.71,
JPN,HOSPITALBED,TOT,1000HAB,A,2009,13.62,
JPN,HOSPITALBED,TOT,1000HAB,A,2010,13.51,
JPN,HOSPITALBED,TOT,1000HAB,A,2011,13.4,
JPN,HOSPITALBED,TOT,1000HAB,A,2012,13.35,
JPN,HOSPITALBED,TOT,1000HAB,A,2013,13.3,
JPN,HOSPITALBED,TOT,1000HAB,A,2014,13.21,
JPN,HOSPITALBED,TOT,1000HAB,A,2015,13.17,
JPN,HOSPITALBED,TOT,1000HAB,A,2016,13.11,
JPN,HOSPITALBED,TOT,1000HAB,A,2017,13.05,
JPN,HOSPITALBED,TOT,1000HAB,A,2018,12.98,
JPN,HOSPITALBED,TOT,1000HAB,A,2019,12.84,
KOR,HOSPITALBED,TOT,1000HAB,A,1990,2.33,
KOR,HOSPITALBED,TOT,1000HAB,A,1991,2.48,
KOR,HOSPITALBED,TOT,1000HAB,A,1992,2.63,
KOR,HOSPITALBED,TOT,1000HAB,A,1993,2.85,
KOR,HOSPITALBED,TOT,1000HAB,A,1994,3.16,
KOR,HOSPITALBED,TOT,1000HAB,A,1995,3.34,
KOR,HOSPITALBED,TOT,1000HAB,A,1996,3.53,
KOR,HOSPITALBED,TOT,1000HAB,A,1997,3.7,
KOR,HOSPITALBED,TOT,1000HAB,A,1998,3.89,
KOR,HOSPITALBED,TOT,1000HAB,A,1999,4.25,
KOR,HOSPITALBED,TOT,1000HAB,A,2000,4.65,
KOR,HOSPITALBED,TOT,1000HAB,A,2001,4.45,
KOR,HOSPITALBED,TOT,1000HAB,A,2002,4.83,
KOR,HOSPITALBED,TOT,1000HAB,A,2003,5.09,
KOR,HOSPITALBED,TOT,1000HAB,A,2004,5.42,
KOR,HOSPITALBED,TOT,1000HAB,A,2005,5.9,
KOR,HOSPITALBED,TOT,1000HAB,A,2006,6.48,
KOR,HOSPITALBED,TOT,1000HAB,A,2007,7.24,
KOR,HOSPITALBED,TOT,1000HAB,A,2008,7.73,
KOR,HOSPITALBED,TOT,1000HAB,A,2009,8.19,
KOR,HOSPITALBED,TOT,1000HAB,A,2010,8.74,
KOR,HOSPITALBED,TOT,1000HAB,A,2011,9.53,
KOR,HOSPITALBED,TOT,1000HAB,A,2012,10.25,
KOR,HOSPITALBED,TOT,1000HAB,A,2013,10.92,
KOR,HOSPITALBED,TOT,1000HAB,A,2014,11.59,
KOR,HOSPITALBED,TOT,1000HAB,A,2015,11.61,
KOR,HOSPITALBED,TOT,1000HAB,A,2016,11.99,
KOR,HOSPITALBED,TOT,1000HAB,A,2017,12.29,
KOR,HOSPITALBED,TOT,1000HAB,A,2018,12.44,
KOR,HOSPITALBED,TOT,1000HAB,A,2019,12.44,
LUX,HOSPITALBED,TOT,1000HAB,A,2004,6.39,
LUX,HOSPITALBED,TOT,1000HAB,A,2005,5.79,
LUX,HOSPITALBED,TOT,1000HAB,A,2006,5.65,
LUX,HOSPITALBED,TOT,1000HAB,A,2007,5.67,
LUX,HOSPITALBED,TOT,1000HAB,A,2008,5.57,
LUX,HOSPITALBED,TOT,1000HAB,A,2009,5.47,
LUX,HOSPITALBED,TOT,1000HAB,A,2010,5.37,
LUX,HOSPITALBED,TOT,1000HAB,A,2011,5.28,
LUX,HOSPITALBED,TOT,1000HAB,A,2012,5.15,
LUX,HOSPITALBED,TOT,1000HAB,A,2013,5.17,
LUX,HOSPITALBED,TOT,1000HAB,A,2014,5.05,
LUX,HOSPITALBED,TOT,1000HAB,A,2015,4.93,
LUX,HOSPITALBED,TOT,1000HAB,A,2016,4.81,
LUX,HOSPITALBED,TOT,1000HAB,A,2017,4.66,
LUX,HOSPITALBED,TOT,1000HAB,A,2018,4.51,
LUX,HOSPITALBED,TOT,1000HAB,A,2019,4.26,
LUX,HOSPITALBED,TOT,1000HAB,A,2020,4.2,P
MEX,HOSPITALBED,TOT,1000HAB,A,1990,1.01,
MEX,HOSPITALBED,TOT,1000HAB,A,1991,1.1,
MEX,HOSPITALBED,TOT,1000HAB,A,1992,1.17,
MEX,HOSPITALBED,TOT,1000HAB,A,1993,1.2,
MEX,HOSPITALBED,TOT,1000HAB,A,1994,1.2,
MEX,HOSPITALBED,TOT,1000HAB,A,1995,1.14,
MEX,HOSPITALBED,TOT,1000HAB,A,1996,1.1,
MEX,HOSPITALBED,TOT,1000HAB,A,1997,1.08,
MEX,HOSPITALBED,TOT,1000HAB,A,1998,1.08,
MEX,HOSPITALBED,TOT,1000HAB,A,1999,1.07,
MEX,HOSPITALBED,TOT,1000HAB,A,2000,1.05,
MEX,HOSPITALBED,TOT,1000HAB,A,2001,1.08,
MEX,HOSPITALBED,TOT,1000HAB,A,2002,1.09,
MEX,HOSPITALBED,TOT,1000HAB,A,2003,1.06,
MEX,HOSPITALBED,TOT,1000HAB,A,2004,1.07,
MEX,HOSPITALBED,TOT,1000HAB,A,2005,1.05,
MEX,HOSPITALBED,TOT,1000HAB,A,2006,1.02,
MEX,HOSPITALBED,TOT,1000HAB,A,2007,1.06,
MEX,HOSPITALBED,TOT,1000HAB,A,2008,1.03,
MEX,HOSPITALBED,TOT,1000HAB,A,2009,1.02,
MEX,HOSPITALBED,TOT,1000HAB,A,2010,1.05,
MEX,HOSPITALBED,TOT,1000HAB,A,2011,1.04,
MEX,HOSPITALBED,TOT,1000HAB,A,2012,1.03,
MEX,HOSPITALBED,TOT,1000HAB,A,2013,1.03,
MEX,HOSPITALBED,TOT,1000HAB,A,2014,1.03,
MEX,HOSPITALBED,TOT,1000HAB,A,2015,1.0,
MEX,HOSPITALBED,TOT,1000HAB,A,2016,1.0,
MEX,HOSPITALBED,TOT,1000HAB,A,2017,0.99,
MEX,HOSPITALBED,TOT,1000HAB,A,2018,0.98,
MEX,HOSPITALBED,TOT,1000HAB,A,2019,0.97,
NLD,HOSPITALBED,TOT,1000HAB,A,1965,7.5,
NLD,HOSPITALBED,TOT,1000HAB,A,1966,7.63,
NLD,HOSPITALBED,TOT,1000HAB,A,1967,7.64,
NLD,HOSPITALBED,TOT,1000HAB,A,1968,7.58,
NLD,HOSPITALBED,TOT,1000HAB,A,1969,7.66,
NLD,HOSPITALBED,TOT,1000HAB,A,1970,7.6,
NLD,HOSPITALBED,TOT,1000HAB,A,1971,7.68,
NLD,HOSPITALBED,TOT,1000HAB,A,1972,7.75,B
NLD,HOSPITALBED,TOT,1000HAB,A,1973,7.66,
NLD,HOSPITALBED,TOT,1000HAB,A,1974,7.52,
NLD,HOSPITALBED,TOT,1000HAB,A,1975,7.38,
NLD,HOSPITALBED,TOT,1000HAB,A,1976,7.25,
NLD,HOSPITALBED,TOT,1000HAB,A,1977,7.19,
NLD,HOSPITALBED,TOT,1000HAB,A,1978,7.1,
NLD,HOSPITALBED,TOT,1000HAB,A,1979,7.01,
NLD,HOSPITALBED,TOT,1000HAB,A,1980,6.91,
NLD,HOSPITALBED,TOT,1000HAB,A,1981,6.86,
NLD,HOSPITALBED,TOT,1000HAB,A,1982,6.62,B
NLD,HOSPITALBED,TOT,1000HAB,A,1983,6.57,
NLD,HOSPITALBED,TOT,1000HAB,A,1984,6.47,
NLD,HOSPITALBED,TOT,1000HAB,A,1985,6.4,B
NLD,HOSPITALBED,TOT,1000HAB,A,1986,6.34,
NLD,HOSPITALBED,TOT,1000HAB,A,1987,6.28,
NLD,HOSPITALBED,TOT,1000HAB,A,1988,6.19,
NLD,HOSPITALBED,TOT,1000HAB,A,1989,6.06,
NLD,HOSPITALBED,TOT,1000HAB,A,1990,5.95,B
NLD,HOSPITALBED,TOT,1000HAB,A,1991,5.85,
NLD,HOSPITALBED,TOT,1000HAB,A,1992,5.79,
NLD,HOSPITALBED,TOT,1000HAB,A,1993,5.69,
NLD,HOSPITALBED,TOT,1000HAB,A,1994,5.49,B
NLD,HOSPITALBED,TOT,1000HAB,A,1995,5.38,B
NLD,HOSPITALBED,TOT,1000HAB,A,1996,5.33,
NLD,HOSPITALBED,TOT,1000HAB,A,1997,5.3,
NLD,HOSPITALBED,TOT,1000HAB,A,1998,5.21,
NLD,HOSPITALBED,TOT,1000HAB,A,1999,5.14,
NLD,HOSPITALBED,TOT,1000HAB,A,2000,4.92,
NLD,HOSPITALBED,TOT,1000HAB,A,2001,4.75,B
NLD,HOSPITALBED,TOT,1000HAB,A,2002,4.69,
NLD,HOSPITALBED,TOT,1000HAB,A,2003,4.49,B
NLD,HOSPITALBED,TOT,1000HAB,A,2004,4.5,
NLD,HOSPITALBED,TOT,1000HAB,A,2005,4.44,
NLD,HOSPITALBED,TOT,1000HAB,A,2006,4.4,
NLD,HOSPITALBED,TOT,1000HAB,A,2007,4.29,
NLD,HOSPITALBED,TOT,1000HAB,A,2008,4.25,
NLD,HOSPITALBED,TOT,1000HAB,A,2009,4.21,
NLD,HOSPITALBED,TOT,1000HAB,A,2010,4.12,B
NLD,HOSPITALBED,TOT,1000HAB,A,2011,3.97,
NLD,HOSPITALBED,TOT,1000HAB,A,2012,3.78,
NLD,HOSPITALBED,TOT,1000HAB,A,2013,3.69,
NLD,HOSPITALBED,TOT,1000HAB,A,2014,3.55,
NLD,HOSPITALBED,TOT,1000HAB,A,2015,3.49,B
NLD,HOSPITALBED,TOT,1000HAB,A,2016,3.41,
NLD,HOSPITALBED,TOT,1000HAB,A,2017,3.28,
NLD,HOSPITALBED,TOT,1000HAB,A,2018,3.21,
NLD,HOSPITALBED,TOT,1000HAB,A,2019,3.08,
NZL,HOSPITALBED,TOT,1000HAB,A,2009,2.41,
NZL,HOSPITALBED,TOT,1000HAB,A,2010,2.75,
NZL,HOSPITALBED,TOT,1000HAB,A,2011,2.82,
NZL,HOSPITALBED,TOT,1000HAB,A,2012,2.83,
NZL,HOSPITALBED,TOT,1000HAB,A,2013,2.78,
NZL,HOSPITALBED,TOT,1000HAB,A,2014,2.75,
NZL,HOSPITALBED,TOT,1000HAB,A,2015,2.71,
NZL,HOSPITALBED,TOT,1000HAB,A,2016,2.72,
NZL,HOSPITALBED,TOT,1000HAB,A,2017,2.7,
NZL,HOSPITALBED,TOT,1000HAB,A,2018,2.59,
NZL,HOSPITALBED,TOT,1000HAB,A,2019,2.54,
NZL,HOSPITALBED,TOT,1000HAB,A,2020,2.49,
NOR,HOSPITALBED,TOT,1000HAB,A,1980,7.27,
NOR,HOSPITALBED,TOT,1000HAB,A,1985,5.97,
NOR,HOSPITALBED,TOT,1000HAB,A,1986,5.87,
NOR,HOSPITALBED,TOT,1000HAB,A,1987,5.75,
NOR,HOSPITALBED,TOT,1000HAB,A,1988,5.4,
NOR,HOSPITALBED,TOT,1000HAB,A,1989,4.96,
NOR,HOSPITALBED,TOT,1000HAB,A,1990,4.67,
NOR,HOSPITALBED,TOT,1000HAB,A,1991,4.35,
NOR,HOSPITALBED,TOT,1000HAB,A,1992,4.21,
NOR,HOSPITALBED,TOT,1000HAB,A,1993,4.12,
NOR,HOSPITALBED,TOT,1000HAB,A,1994,4.08,
NOR,HOSPITALBED,TOT,1000HAB,A,1995,4.02,
NOR,HOSPITALBED,TOT,1000HAB,A,1996,3.97,
NOR,HOSPITALBED,TOT,1000HAB,A,1997,3.95,
NOR,HOSPITALBED,TOT,1000HAB,A,1998,3.92,
NOR,HOSPITALBED,TOT,1000HAB,A,1999,3.89,
NOR,HOSPITALBED,TOT,1000HAB,A,2000,3.8,
NOR,HOSPITALBED,TOT,1000HAB,A,2001,3.82,
NOR,HOSPITALBED,TOT,1000HAB,A,2002,4.99,B
NOR,HOSPITALBED,TOT,1000HAB,A,2003,4.99,
NOR,HOSPITALBED,TOT,1000HAB,A,2004,5.25,
NOR,HOSPITALBED,TOT,1000HAB,A,2005,5.16,
NOR,HOSPITALBED,TOT,1000HAB,A,2006,5.03,
NOR,HOSPITALBED,TOT,1000HAB,A,2007,4.86,
NOR,HOSPITALBED,TOT,1000HAB,A,2008,4.64,
NOR,HOSPITALBED,TOT,1000HAB,A,2009,4.52,
NOR,HOSPITALBED,TOT,1000HAB,A,2010,4.3,
NOR,HOSPITALBED,TOT,1000HAB,A,2011,4.19,
NOR,HOSPITALBED,TOT,1000HAB,A,2012,3.97,
NOR,HOSPITALBED,TOT,1000HAB,A,2013,3.86,
NOR,HOSPITALBED,TOT,1000HAB,A,2014,3.84,
NOR,HOSPITALBED,TOT,1000HAB,A,2015,3.76,
NOR,HOSPITALBED,TOT,1000HAB,A,2016,3.68,
NOR,HOSPITALBED,TOT,1000HAB,A,2017,3.6,
NOR,HOSPITALBED,TOT,1000HAB,A,2018,3.53,
NOR,HOSPITALBED,TOT,1000HAB,A,2019,3.47,
POL,HOSPITALBED,TOT,1000HAB,A,2003,6.68,
POL,HOSPITALBED,TOT,1000HAB,A,2004,6.67,
POL,HOSPITALBED,TOT,1000HAB,A,2005,6.52,
POL,HOSPITALBED,TOT,1000HAB,A,2006,6.47,
POL,HOSPITALBED,TOT,1000HAB,A,2007,6.42,
POL,HOSPITALBED,TOT,1000HAB,A,2008,6.62,B
POL,HOSPITALBED,TOT,1000HAB,A,2009,6.65,
POL,HOSPITALBED,TOT,1000HAB,A,2010,6.61,
POL,HOSPITALBED,TOT,1000HAB,A,2011,6.63,
POL,HOSPITALBED,TOT,1000HAB,A,2012,6.63,B
POL,HOSPITALBED,TOT,1000HAB,A,2013,6.61,
POL,HOSPITALBED,TOT,1000HAB,A,2014,6.63,
POL,HOSPITALBED,TOT,1000HAB,A,2015,6.63,
POL,HOSPITALBED,TOT,1000HAB,A,2016,6.64,
POL,HOSPITALBED,TOT,1000HAB,A,2017,6.62,
POL,HOSPITALBED,TOT,1000HAB,A,2018,6.54,
POL,HOSPITALBED,TOT,1000HAB,A,2019,6.17,B
PRT,HOSPITALBED,TOT,1000HAB,A,1985,3.96,
PRT,HOSPITALBED,TOT,1000HAB,A,1986,3.95,
PRT,HOSPITALBED,TOT,1000HAB,A,1987,4.02,
PRT,HOSPITALBED,TOT,1000HAB,A,1988,4.02,
PRT,HOSPITALBED,TOT,1000HAB,A,1989,4.07,
PRT,HOSPITALBED,TOT,1000HAB,A,1990,4.05,
PRT,HOSPITALBED,TOT,1000HAB,A,1991,4.01,
PRT,HOSPITALBED,TOT,1000HAB,A,1992,4.01,
PRT,HOSPITALBED,TOT,1000HAB,A,1993,3.95,
PRT,HOSPITALBED,TOT,1000HAB,A,1994,3.93,
PRT,HOSPITALBED,TOT,1000HAB,A,1995,3.92,
PRT,HOSPITALBED,TOT,1000HAB,A,1996,3.98,
PRT,HOSPITALBED,TOT,1000HAB,A,1997,3.93,
PRT,HOSPITALBED,TOT,1000HAB,A,1998,3.86,
PRT,HOSPITALBED,TOT,1000HAB,A,1999,3.74,B
PRT,HOSPITALBED,TOT,1000HAB,A,2000,3.71,
PRT,HOSPITALBED,TOT,1000HAB,A,2001,3.65,
PRT,HOSPITALBED,TOT,1000HAB,A,2002,3.57,
PRT,HOSPITALBED,TOT,1000HAB,A,2003,3.58,
PRT,HOSPITALBED,TOT,1000HAB,A,2004,3.59,
PRT,HOSPITALBED,TOT,1000HAB,A,2005,3.56,
PRT,HOSPITALBED,TOT,1000HAB,A,2006,3.48,
PRT,HOSPITALBED,TOT,1000HAB,A,2007,3.44,
PRT,HOSPITALBED,TOT,1000HAB,A,2008,3.39,
PRT,HOSPITALBED,TOT,1000HAB,A,2009,3.37,
PRT,HOSPITALBED,TOT,1000HAB,A,2010,3.37,
PRT,HOSPITALBED,TOT,1000HAB,A,2011,3.37,
PRT,HOSPITALBED,TOT,1000HAB,A,2012,3.41,
PRT,HOSPITALBED,TOT,1000HAB,A,2013,3.39,
PRT,HOSPITALBED,TOT,1000HAB,A,2014,3.32,
PRT,HOSPITALBED,TOT,1000HAB,A,2015,3.37,
PRT,HOSPITALBED,TOT,1000HAB,A,2016,3.39,
PRT,HOSPITALBED,TOT,1000HAB,A,2017,3.39,
PRT,HOSPITALBED,TOT,1000HAB,A,2018,3.44,
PRT,HOSPITALBED,TOT,1000HAB,A,2019,3.51,
SVK,HOSPITALBED,TOT,1000HAB,A,1996,8.32,
SVK,HOSPITALBED,TOT,1000HAB,A,1997,8.15,
SVK,HOSPITALBED,TOT,1000HAB,A,1998,8.04,
SVK,HOSPITALBED,TOT,1000HAB,A,1999,7.95,
SVK,HOSPITALBED,TOT,1000HAB,A,2000,7.86,
SVK,HOSPITALBED,TOT,1000HAB,A,2001,7.67,
SVK,HOSPITALBED,TOT,1000HAB,A,2002,7.57,
SVK,HOSPITALBED,TOT,1000HAB,A,2003,7.25,
SVK,HOSPITALBED,TOT,1000HAB,A,2004,6.91,
SVK,HOSPITALBED,TOT,1000HAB,A,2005,6.79,
SVK,HOSPITALBED,TOT,1000HAB,A,2006,6.73,
SVK,HOSPITALBED,TOT,1000HAB,A,2007,6.78,
SVK,HOSPITALBED,TOT,1000HAB,A,2008,6.59,
SVK,HOSPITALBED,TOT,1000HAB,A,2009,6.54,
SVK,HOSPITALBED,TOT,1000HAB,A,2010,6.46,
SVK,HOSPITALBED,TOT,1000HAB,A,2011,6.05,
SVK,HOSPITALBED,TOT,1000HAB,A,2012,5.91,
SVK,HOSPITALBED,TOT,1000HAB,A,2013,5.8,
SVK,HOSPITALBED,TOT,1000HAB,A,2014,5.79,
SVK,HOSPITALBED,TOT,1000HAB,A,2015,5.75,
SVK,HOSPITALBED,TOT,1000HAB,A,2016,5.78,
SVK,HOSPITALBED,TOT,1000HAB,A,2017,5.82,
SVK,HOSPITALBED,TOT,1000HAB,A,2018,5.7,B
SVK,HOSPITALBED,TOT,1000HAB,A,2019,5.76,
ESP,HOSPITALBED,TOT,1000HAB,A,1970,4.66,
ESP,HOSPITALBED,TOT,1000HAB,A,1980,5.36,
ESP,HOSPITALBED,TOT,1000HAB,A,1985,4.56,
ESP,HOSPITALBED,TOT,1000HAB,A,1986,4.45,
ESP,HOSPITALBED,TOT,1000HAB,A,1987,4.42,
ESP,HOSPITALBED,TOT,1000HAB,A,1988,4.39,
ESP,HOSPITALBED,TOT,1000HAB,A,1989,4.34,
ESP,HOSPITALBED,TOT,1000HAB,A,1990,4.27,
ESP,HOSPITALBED,TOT,1000HAB,A,1991,4.22,
ESP,HOSPITALBED,TOT,1000HAB,A,1992,4.13,
ESP,HOSPITALBED,TOT,1000HAB,A,1993,4.04,
ESP,HOSPITALBED,TOT,1000HAB,A,1994,3.98,
ESP,HOSPITALBED,TOT,1000HAB,A,1995,3.89,
ESP,HOSPITALBED,TOT,1000HAB,A,1996,3.85,
ESP,HOSPITALBED,TOT,1000HAB,A,1997,3.78,
ESP,HOSPITALBED,TOT,1000HAB,A,1998,3.73,
ESP,HOSPITALBED,TOT,1000HAB,A,1999,3.71,
ESP,HOSPITALBED,TOT,1000HAB,A,2000,3.65,
ESP,HOSPITALBED,TOT,1000HAB,A,2001,3.58,
ESP,HOSPITALBED,TOT,1000HAB,A,2002,3.53,
ESP,HOSPITALBED,TOT,1000HAB,A,2003,3.44,
ESP,HOSPITALBED,TOT,1000HAB,A,2004,3.4,
ESP,HOSPITALBED,TOT,1000HAB,A,2005,3.34,
ESP,HOSPITALBED,TOT,1000HAB,A,2006,3.29,
ESP,HOSPITALBED,TOT,1000HAB,A,2007,3.25,
ESP,HOSPITALBED,TOT,1000HAB,A,2008,3.2,
ESP,HOSPITALBED,TOT,1000HAB,A,2009,3.16,
ESP,HOSPITALBED,TOT,1000HAB,A,2010,3.11,B
ESP,HOSPITALBED,TOT,1000HAB,A,2011,3.05,
ESP,HOSPITALBED,TOT,1000HAB,A,2012,2.99,
ESP,HOSPITALBED,TOT,1000HAB,A,2013,2.96,
ESP,HOSPITALBED,TOT,1000HAB,A,2014,2.97,
ESP,HOSPITALBED,TOT,1000HAB,A,2015,2.98,
ESP,HOSPITALBED,TOT,1000HAB,A,2016,2.97,
ESP,HOSPITALBED,TOT,1000HAB,A,2017,2.97,
ESP,HOSPITALBED,TOT,1000HAB,A,2018,2.97,
ESP,HOSPITALBED,TOT,1000HAB,A,2019,2.95,P
SWE,HOSPITALBED,TOT,1000HAB,A,1960,14.18,
SWE,HOSPITALBED,TOT,1000HAB,A,1961,14.54,
SWE,HOSPITALBED,TOT,1000HAB,A,1962,14.6,
SWE,HOSPITALBED,TOT,1000HAB,A,1963,14.61,
SWE,HOSPITALBED,TOT,1000HAB,A,1964,14.88,
SWE,HOSPITALBED,TOT,1000HAB,A,1965,14.95,
SWE,HOSPITALBED,TOT,1000HAB,A,1966,14.95,
SWE,HOSPITALBED,TOT,1000HAB,A,1967,14.75,
SWE,HOSPITALBED,TOT,1000HAB,A,1968,14.87,
SWE,HOSPITALBED,TOT,1000HAB,A,1969,15.24,
SWE,HOSPITALBED,TOT,1000HAB,A,1970,15.32,
SWE,HOSPITALBED,TOT,1000HAB,A,1971,15.34,
SWE,HOSPITALBED,TOT,1000HAB,A,1972,15.54,
SWE,HOSPITALBED,TOT,1000HAB,A,1973,15.64,
SWE,HOSPITALBED,TOT,1000HAB,A,1974,15.63,
SWE,HOSPITALBED,TOT,1000HAB,A,1975,15.48,
SWE,HOSPITALBED,TOT,1000HAB,A,1976,15.35,
SWE,HOSPITALBED,TOT,1000HAB,A,1977,15.24,
SWE,HOSPITALBED,TOT,1000HAB,A,1978,15.45,
SWE,HOSPITALBED,TOT,1000HAB,A,1979,15.2,
SWE,HOSPITALBED,TOT,1000HAB,A,1980,15.15,
SWE,HOSPITALBED,TOT,1000HAB,A,1981,15.48,
SWE,HOSPITALBED,TOT,1000HAB,A,1982,14.99,
SWE,HOSPITALBED,TOT,1000HAB,A,1983,14.97,
SWE,HOSPITALBED,TOT,1000HAB,A,1984,14.89,
SWE,HOSPITALBED,TOT,1000HAB,A,1985,14.6,
SWE,HOSPITALBED,TOT,1000HAB,A,1986,14.18,
SWE,HOSPITALBED,TOT,1000HAB,A,1987,13.7,
SWE,HOSPITALBED,TOT,1000HAB,A,1988,13.29,
SWE,HOSPITALBED,TOT,1000HAB,A,1989,12.92,
SWE,HOSPITALBED,TOT,1000HAB,A,1990,12.44,
SWE,HOSPITALBED,TOT,1000HAB,A,1991,11.85,
SWE,HOSPITALBED,TOT,1000HAB,A,1992,6.67,B
SWE,HOSPITALBED,TOT,1000HAB,A,1993,6.08,
SWE,HOSPITALBED,TOT,1000HAB,A,1994,5.19,
SWE,HOSPITALBED,TOT,1000HAB,A,1995,4.8,
SWE,HOSPITALBED,TOT,1000HAB,A,1996,4.31,
SWE,HOSPITALBED,TOT,1000HAB,A,1997,3.94,
SWE,HOSPITALBED,TOT,1000HAB,A,1998,3.75,
SWE,HOSPITALBED,TOT,1000HAB,A,1999,3.7,
SWE,HOSPITALBED,TOT,1000HAB,A,2000,3.58,
SWE,HOSPITALBED,TOT,1000HAB,A,2001,3.27,B
SWE,HOSPITALBED,TOT,1000HAB,A,2002,3.13,
SWE,HOSPITALBED,TOT,1000HAB,A,2003,3.05,
SWE,HOSPITALBED,TOT,1000HAB,A,2004,3.01,
SWE,HOSPITALBED,TOT,1000HAB,A,2005,2.93,
SWE,HOSPITALBED,TOT,1000HAB,A,2006,2.89,
SWE,HOSPITALBED,TOT,1000HAB,A,2007,2.86,
SWE,HOSPITALBED,TOT,1000HAB,A,2008,2.81,
SWE,HOSPITALBED,TOT,1000HAB,A,2009,2.76,
SWE,HOSPITALBED,TOT,1000HAB,A,2010,2.73,
SWE,HOSPITALBED,TOT,1000HAB,A,2011,2.7,
SWE,HOSPITALBED,TOT,1000HAB,A,2012,2.66,B
SWE,HOSPITALBED,TOT,1000HAB,A,2013,2.59,
SWE,HOSPITALBED,TOT,1000HAB,A,2014,2.54,
SWE,HOSPITALBED,TOT,1000HAB,A,2015,2.44,
SWE,HOSPITALBED,TOT,1000HAB,A,2016,2.34,
SWE,HOSPITALBED,TOT,1000HAB,A,2017,2.21,
SWE,HOSPITALBED,TOT,1000HAB,A,2018,2.13,
SWE,HOSPITALBED,TOT,1000HAB,A,2019,2.07,
CHE,HOSPITALBED,TOT,1000HAB,A,1998,6.63,
CHE,HOSPITALBED,TOT,1000HAB,A,1999,6.61,
CHE,HOSPITALBED,TOT,1000HAB,A,2000,6.29,
CHE,HOSPITALBED,TOT,1000HAB,A,2001,6.04,
CHE,HOSPITALBED,TOT,1000HAB,A,2002,5.95,
CHE,HOSPITALBED,TOT,1000HAB,A,2003,5.82,
CHE,HOSPITALBED,TOT,1000HAB,A,2004,5.67,
CHE,HOSPITALBED,TOT,1000HAB,A,2005,5.54,
CHE,HOSPITALBED,TOT,1000HAB,A,2006,5.39,
CHE,HOSPITALBED,TOT,1000HAB,A,2007,5.36,
CHE,HOSPITALBED,TOT,1000HAB,A,2008,5.21,
CHE,HOSPITALBED,TOT,1000HAB,A,2009,5.1,
CHE,HOSPITALBED,TOT,1000HAB,A,2010,5.19,
CHE,HOSPITALBED,TOT,1000HAB,A,2011,5.05,
CHE,HOSPITALBED,TOT,1000HAB,A,2012,4.97,
CHE,HOSPITALBED,TOT,1000HAB,A,2013,4.85,
CHE,HOSPITALBED,TOT,1000HAB,A,2014,4.73,
CHE,HOSPITALBED,TOT,1000HAB,A,2015,4.73,
CHE,HOSPITALBED,TOT,1000HAB,A,2016,4.69,
CHE,HOSPITALBED,TOT,1000HAB,A,2017,4.65,
CHE,HOSPITALBED,TOT,1000HAB,A,2018,4.63,
CHE,HOSPITALBED,TOT,1000HAB,A,2019,4.59,
TUR,HOSPITALBED,TOT,1000HAB,A,1994,2.22,
TUR,HOSPITALBED,TOT,1000HAB,A,1995,2.2,
TUR,HOSPITALBED,TOT,1000HAB,A,1996,2.22,
TUR,HOSPITALBED,TOT,1000HAB,A,1997,2.26,
TUR,HOSPITALBED,TOT,1000HAB,A,1998,2.28,
TUR,HOSPITALBED,TOT,1000HAB,A,1999,2.31,
TUR,HOSPITALBED,TOT,1000HAB,A,2002,2.49,
TUR,HOSPITALBED,TOT,1000HAB,A,2003,2.48,
TUR,HOSPITALBED,TOT,1000HAB,A,2004,2.47,
TUR,HOSPITALBED,TOT,1000HAB,A,2005,2.5,
TUR,HOSPITALBED,TOT,1000HAB,A,2006,2.52,
TUR,HOSPITALBED,TOT,1000HAB,A,2007,2.54,
TUR,HOSPITALBED,TOT,1000HAB,A,2008,2.58,
TUR,HOSPITALBED,TOT,1000HAB,A,2009,2.62,
TUR,HOSPITALBED,TOT,1000HAB,A,2010,2.74,
TUR,HOSPITALBED,TOT,1000HAB,A,2011,2.62,
TUR,HOSPITALBED,TOT,1000HAB,A,2012,2.66,
TUR,HOSPITALBED,TOT,1000HAB,A,2013,2.65,
TUR,HOSPITALBED,TOT,1000HAB,A,2014,2.68,
TUR,HOSPITALBED,TOT,1000HAB,A,2015,2.68,
TUR,HOSPITALBED,TOT,1000HAB,A,2016,2.75,
TUR,HOSPITALBED,TOT,1000HAB,A,2017,2.81,
TUR,HOSPITALBED,TOT,1000HAB,A,2018,2.85,
TUR,HOSPITALBED,TOT,1000HAB,A,2019,2.88,
GBR,HOSPITALBED,TOT,1000HAB,A,2000,4.08,
GBR,HOSPITALBED,TOT,1000HAB,A,2001,4.04,
GBR,HOSPITALBED,TOT,1000HAB,A,2002,3.98,
GBR,HOSPITALBED,TOT,1000HAB,A,2003,3.95,
GBR,HOSPITALBED,TOT,1000HAB,A,2004,3.86,
GBR,HOSPITALBED,TOT,1000HAB,A,2005,3.72,
GBR,HOSPITALBED,TOT,1000HAB,A,2006,3.54,
GBR,HOSPITALBED,TOT,1000HAB,A,2007,3.39,
GBR,HOSPITALBED,TOT,1000HAB,A,2008,3.33,
GBR,HOSPITALBED,TOT,1000HAB,A,2009,3.27,
GBR,HOSPITALBED,TOT,1000HAB,A,2010,2.93,B
GBR,HOSPITALBED,TOT,1000HAB,A,2011,2.88,
GBR,HOSPITALBED,TOT,1000HAB,A,2012,2.81,
GBR,HOSPITALBED,TOT,1000HAB,A,2013,2.76,
GBR,HOSPITALBED,TOT,1000HAB,A,2014,2.73,
GBR,HOSPITALBED,TOT,1000HAB,A,2015,2.61,
GBR,HOSPITALBED,TOT,1000HAB,A,2016,2.57,
GBR,HOSPITALBED,TOT,1000HAB,A,2017,2.54,
GBR,HOSPITALBED,TOT,1000HAB,A,2018,2.5,E
GBR,HOSPITALBED,TOT,1000HAB,A,2019,2.45,E
GBR,HOSPITALBED,TOT,1000HAB,A,2020,2.42,P
USA,HOSPITALBED,TOT,1000HAB,A,1960,9.18,
USA,HOSPITALBED,TOT,1000HAB,A,1965,8.77,
USA,HOSPITALBED,TOT,1000HAB,A,1970,7.88,
USA,HOSPITALBED,TOT,1000HAB,A,1971,7.49,
USA,HOSPITALBED,TOT,1000HAB,A,1972,7.38,
USA,HOSPITALBED,TOT,1000HAB,A,1973,7.24,
USA,HOSPITALBED,TOT,1000HAB,A,1974,7.07,
USA,HOSPITALBED,TOT,1000HAB,A,1975,6.79,
USA,HOSPITALBED,TOT,1000HAB,A,1976,6.58,
USA,HOSPITALBED,TOT,1000HAB,A,1977,6.39,
USA,HOSPITALBED,TOT,1000HAB,A,1978,6.2,
USA,HOSPITALBED,TOT,1000HAB,A,1979,6.1,
USA,HOSPITALBED,TOT,1000HAB,A,1980,6.01,
USA,HOSPITALBED,TOT,1000HAB,A,1981,5.94,
USA,HOSPITALBED,TOT,1000HAB,A,1982,5.87,
USA,HOSPITALBED,TOT,1000HAB,A,1983,5.77,
USA,HOSPITALBED,TOT,1000HAB,A,1984,5.68,
USA,HOSPITALBED,TOT,1000HAB,A,1985,5.54,
USA,HOSPITALBED,TOT,1000HAB,A,1986,5.37,
USA,HOSPITALBED,TOT,1000HAB,A,1987,5.23,
USA,HOSPITALBED,TOT,1000HAB,A,1988,5.1,
USA,HOSPITALBED,TOT,1000HAB,A,1989,4.97,
USA,HOSPITALBED,TOT,1000HAB,A,1990,4.86,
USA,HOSPITALBED,TOT,1000HAB,A,1991,4.75,
USA,HOSPITALBED,TOT,1000HAB,A,1992,4.59,
USA,HOSPITALBED,TOT,1000HAB,A,1993,4.48,
USA,HOSPITALBED,TOT,1000HAB,A,1994,4.29,
USA,HOSPITALBED,TOT,1000HAB,A,1995,4.06,
USA,HOSPITALBED,TOT,1000HAB,A,1996,3.94,
USA,HOSPITALBED,TOT,1000HAB,A,1997,3.8,
USA,HOSPITALBED,TOT,1000HAB,A,1998,3.67,
USA,HOSPITALBED,TOT,1000HAB,A,1999,3.56,
USA,HOSPITALBED,TOT,1000HAB,A,2000,3.49,
USA,HOSPITALBED,TOT,1000HAB,A,2001,3.47,
USA,HOSPITALBED,TOT,1000HAB,A,2002,3.39,
USA,HOSPITALBED,TOT,1000HAB,A,2003,3.33,
USA,HOSPITALBED,TOT,1000HAB,A,2004,3.26,
USA,HOSPITALBED,TOT,1000HAB,A,2005,3.2,
USA,HOSPITALBED,TOT,1000HAB,A,2006,3.18,
USA,HOSPITALBED,TOT,1000HAB,A,2007,3.14,
USA,HOSPITALBED,TOT,1000HAB,A,2008,3.13,
USA,HOSPITALBED,TOT,1000HAB,A,2009,3.08,
USA,HOSPITALBED,TOT,1000HAB,A,2010,3.05,
USA,HOSPITALBED,TOT,1000HAB,A,2011,2.97,
USA,HOSPITALBED,TOT,1000HAB,A,2012,2.93,
USA,HOSPITALBED,TOT,1000HAB,A,2013,2.89,
USA,HOSPITALBED,TOT,1000HAB,A,2014,2.83,
USA,HOSPITALBED,TOT,1000HAB,A,2015,2.8,
USA,HOSPITALBED,TOT,1000HAB,A,2016,2.77,
USA,HOSPITALBED,TOT,1000HAB,A,2017,2.87,B
USA,HOSPITALBED,TOT,1000HAB,A,2018,2.83,
BRA,HOSPITALBED,TOT,1000HAB,A,1993,3.24,
BRA,HOSPITALBED,TOT,1000HAB,A,1994,3.21,
BRA,HOSPITALBED,TOT,1000HAB,A,1995,3.17,
BRA,HOSPITALBED,TOT,1000HAB,A,1996,3.07,
BRA,HOSPITALBED,TOT,1000HAB,A,1997,3.02,
BRA,HOSPITALBED,TOT,1000HAB,A,1998,2.93,
BRA,HOSPITALBED,TOT,1000HAB,A,1999,2.89,
BRA,HOSPITALBED,TOT,1000HAB,A,2000,2.82,
BRA,HOSPITALBED,TOT,1000HAB,A,2001,2.78,
BRA,HOSPITALBED,TOT,1000HAB,A,2002,2.59,
BRA,HOSPITALBED,TOT,1000HAB,A,2003,2.42,
BRA,HOSPITALBED,TOT,1000HAB,A,2005,2.52,B
BRA,HOSPITALBED,TOT,1000HAB,A,2006,2.48,
BRA,HOSPITALBED,TOT,1000HAB,A,2007,2.47,
BRA,HOSPITALBED,TOT,1000HAB,A,2008,2.44,
BRA,HOSPITALBED,TOT,1000HAB,A,2009,2.43,
BRA,HOSPITALBED,TOT,1000HAB,A,2010,2.37,
BRA,HOSPITALBED,TOT,1000HAB,A,2011,2.34,
BRA,HOSPITALBED,TOT,1000HAB,A,2012,2.3,
CHL,HOSPITALBED,TOT,1000HAB,A,1999,2.78,
CHL,HOSPITALBED,TOT,1000HAB,A,2000,2.72,
CHL,HOSPITALBED,TOT,1000HAB,A,2001,2.62,
CHL,HOSPITALBED,TOT,1000HAB,A,2002,2.54,
CHL,HOSPITALBED,TOT,1000HAB,A,2003,2.51,
CHL,HOSPITALBED,TOT,1000HAB,A,2004,2.41,
CHL,HOSPITALBED,TOT,1000HAB,A,2005,2.31,
CHL,HOSPITALBED,TOT,1000HAB,A,2006,2.33,
CHL,HOSPITALBED,TOT,1000HAB,A,2007,2.29,
CHL,HOSPITALBED,TOT,1000HAB,A,2008,2.28,
CHL,HOSPITALBED,TOT,1000HAB,A,2009,2.27,
CHL,HOSPITALBED,TOT,1000HAB,A,2010,2.04,
CHL,HOSPITALBED,TOT,1000HAB,A,2011,2.22,
CHL,HOSPITALBED,TOT,1000HAB,A,2012,2.17,
CHL,HOSPITALBED,TOT,1000HAB,A,2013,2.17,
CHL,HOSPITALBED,TOT,1000HAB,A,2014,2.12,
CHL,HOSPITALBED,TOT,1000HAB,A,2015,2.14,
CHL,HOSPITALBED,TOT,1000HAB,A,2016,2.12,
CHL,HOSPITALBED,TOT,1000HAB,A,2017,2.11,
CHL,HOSPITALBED,TOT,1000HAB,A,2018,2.06,
CHL,HOSPITALBED,TOT,1000HAB,A,2019,2.03,
CHL,HOSPITALBED,TOT,1000HAB,A,2020,2.01,
CHN,HOSPITALBED,TOT,1000HAB,A,1978,1.13,
CHN,HOSPITALBED,TOT,1000HAB,A,1980,1.2,
CHN,HOSPITALBED,TOT,1000HAB,A,1985,1.4,
CHN,HOSPITALBED,TOT,1000HAB,A,1990,1.59,
CHN,HOSPITALBED,TOT,1000HAB,A,1991,1.61,
CHN,HOSPITALBED,TOT,1000HAB,A,1992,1.64,
CHN,HOSPITALBED,TOT,1000HAB,A,1993,1.67,
CHN,HOSPITALBED,TOT,1000HAB,A,1994,1.68,
CHN,HOSPITALBED,TOT,1000HAB,A,1995,1.66,
CHN,HOSPITALBED,TOT,1000HAB,A,1996,1.68,
CHN,HOSPITALBED,TOT,1000HAB,A,1997,1.68,
CHN,HOSPITALBED,TOT,1000HAB,A,1998,1.68,
CHN,HOSPITALBED,TOT,1000HAB,A,1999,1.68,
CHN,HOSPITALBED,TOT,1000HAB,A,2000,1.68,
CHN,HOSPITALBED,TOT,1000HAB,A,2001,1.66,
CHN,HOSPITALBED,TOT,1000HAB,A,2002,1.7,
CHN,HOSPITALBED,TOT,1000HAB,A,2003,1.73,
CHN,HOSPITALBED,TOT,1000HAB,A,2004,1.79,
CHN,HOSPITALBED,TOT,1000HAB,A,2005,1.84,
CHN,HOSPITALBED,TOT,1000HAB,A,2006,1.91,
CHN,HOSPITALBED,TOT,1000HAB,A,2007,1.99,
CHN,HOSPITALBED,TOT,1000HAB,A,2008,2.13,
CHN,HOSPITALBED,TOT,1000HAB,A,2009,2.29,
CHN,HOSPITALBED,TOT,1000HAB,A,2010,2.47,
CHN,HOSPITALBED,TOT,1000HAB,A,2011,2.69,
CHN,HOSPITALBED,TOT,1000HAB,A,2012,3.01,
CHN,HOSPITALBED,TOT,1000HAB,A,2013,3.29,
CHN,HOSPITALBED,TOT,1000HAB,A,2014,3.55,
CHN,HOSPITALBED,TOT,1000HAB,A,2015,3.79,
CHN,HOSPITALBED,TOT,1000HAB,A,2016,4.02,
CHN,HOSPITALBED,TOT,1000HAB,A,2017,4.31,
CHN,HOSPITALBED,TOT,1000HAB,A,2018,4.57,
CHN,HOSPITALBED,TOT,1000HAB,A,2019,4.79,
EST,HOSPITALBED,TOT,1000HAB,A,1965,10.73,
EST,HOSPITALBED,TOT,1000HAB,A,1966,10.77,
EST,HOSPITALBED,TOT,1000HAB,A,1967,10.87,
EST,HOSPITALBED,TOT,1000HAB,A,1968,10.87,
EST,HOSPITALBED,TOT,1000HAB,A,1969,10.77,
EST,HOSPITALBED,TOT,1000HAB,A,1970,10.83,
EST,HOSPITALBED,TOT,1000HAB,A,1971,10.95,
EST,HOSPITALBED,TOT,1000HAB,A,1972,10.9,
EST,HOSPITALBED,TOT,1000HAB,A,1973,10.95,
EST,HOSPITALBED,TOT,1000HAB,A,1974,10.89,
EST,HOSPITALBED,TOT,1000HAB,A,1975,10.91,
EST,HOSPITALBED,TOT,1000HAB,A,1976,11.05,
EST,HOSPITALBED,TOT,1000HAB,A,1977,11.07,
EST,HOSPITALBED,TOT,1000HAB,A,1978,11.31,
EST,HOSPITALBED,TOT,1000HAB,A,1979,11.71,
EST,HOSPITALBED,TOT,1000HAB,A,1980,12.19,
EST,HOSPITALBED,TOT,1000HAB,A,1981,12.37,
EST,HOSPITALBED,TOT,1000HAB,A,1982,12.36,
EST,HOSPITALBED,TOT,1000HAB,A,1983,12.3,
EST,HOSPITALBED,TOT,1000HAB,A,1984,12.22,
EST,HOSPITALBED,TOT,1000HAB,A,1985,12.2,
EST,HOSPITALBED,TOT,1000HAB,A,1986,12.2,
EST,HOSPITALBED,TOT,1000HAB,A,1987,12.09,
EST,HOSPITALBED,TOT,1000HAB,A,1988,12.01,
EST,HOSPITALBED,TOT,1000HAB,A,1989,11.93,
EST,HOSPITALBED,TOT,1000HAB,A,1990,11.55,
EST,HOSPITALBED,TOT,1000HAB,A,1991,11.29,
EST,HOSPITALBED,TOT,1000HAB,A,1992,9.68,
EST,HOSPITALBED,TOT,1000HAB,A,1993,9.62,
EST,HOSPITALBED,TOT,1000HAB,A,1994,8.56,
EST,HOSPITALBED,TOT,1000HAB,A,1995,8.35,
EST,HOSPITALBED,TOT,1000HAB,A,1996,7.9,
EST,HOSPITALBED,TOT,1000HAB,A,1997,7.71,
EST,HOSPITALBED,TOT,1000HAB,A,1998,7.58,
EST,HOSPITALBED,TOT,1000HAB,A,1999,7.45,
EST,HOSPITALBED,TOT,1000HAB,A,2000,7.04,
EST,HOSPITALBED,TOT,1000HAB,A,2001,6.6,
EST,HOSPITALBED,TOT,1000HAB,A,2002,5.98,
EST,HOSPITALBED,TOT,1000HAB,A,2003,5.73,
EST,HOSPITALBED,TOT,1000HAB,A,2004,5.64,
EST,HOSPITALBED,TOT,1000HAB,A,2005,5.38,
EST,HOSPITALBED,TOT,1000HAB,A,2006,5.55,
EST,HOSPITALBED,TOT,1000HAB,A,2007,5.48,
EST,HOSPITALBED,TOT,1000HAB,A,2008,5.63,
EST,HOSPITALBED,TOT,1000HAB,A,2009,5.37,
EST,HOSPITALBED,TOT,1000HAB,A,2010,5.27,
EST,HOSPITALBED,TOT,1000HAB,A,2011,5.36,
EST,HOSPITALBED,TOT,1000HAB,A,2012,5.53,
EST,HOSPITALBED,TOT,1000HAB,A,2013,4.9,B
EST,HOSPITALBED,TOT,1000HAB,A,2014,4.9,
EST,HOSPITALBED,TOT,1000HAB,A,2015,4.82,
EST,HOSPITALBED,TOT,1000HAB,A,2016,4.69,
EST,HOSPITALBED,TOT,1000HAB,A,2017,4.61,
EST,HOSPITALBED,TOT,1000HAB,A,2018,4.53,
EST,HOSPITALBED,TOT,1000HAB,A,2019,4.53,
IND,HOSPITALBED,TOT,1000HAB,A,1982,0.65,
IND,HOSPITALBED,TOT,1000HAB,A,1983,0.65,
IND,HOSPITALBED,TOT,1000HAB,A,1984,0.65,
IND,HOSPITALBED,TOT,1000HAB,A,1985,0.68,
IND,HOSPITALBED,TOT,1000HAB,A,1986,0.69,
IND,HOSPITALBED,TOT,1000HAB,A,1987,0.71,
IND,HOSPITALBED,TOT,1000HAB,A,1988,0.71,
IND,HOSPITALBED,TOT,1000HAB,A,1989,0.7,
IND,HOSPITALBED,TOT,1000HAB,A,1990,0.72,
IND,HOSPITALBED,TOT,1000HAB,A,1991,0.72,
IND,HOSPITALBED,TOT,1000HAB,A,1992,0.66,
IND,HOSPITALBED,TOT,1000HAB,A,1993,0.66,
IND,HOSPITALBED,TOT,1000HAB,A,1994,0.66,
IND,HOSPITALBED,TOT,1000HAB,A,1995,0.65,
IND,HOSPITALBED,TOT,1000HAB,A,1996,0.67,
IND,HOSPITALBED,TOT,1000HAB,A,1997,0.66,
IND,HOSPITALBED,TOT,1000HAB,A,1998,0.65,
IND,HOSPITALBED,TOT,1000HAB,A,1999,0.66,
IND,HOSPITALBED,TOT,1000HAB,A,2000,0.65,
IND,HOSPITALBED,TOT,1000HAB,A,2001,0.64,
IND,HOSPITALBED,TOT,1000HAB,A,2002,0.63,
IND,HOSPITALBED,TOT,1000HAB,A,2005,0.41,B
IND,HOSPITALBED,TOT,1000HAB,A,2006,0.42,
IND,HOSPITALBED,TOT,1000HAB,A,2007,0.41,
IND,HOSPITALBED,TOT,1000HAB,A,2008,0.41,
IND,HOSPITALBED,TOT,1000HAB,A,2009,0.44,
IND,HOSPITALBED,TOT,1000HAB,A,2010,0.47,
IND,HOSPITALBED,TOT,1000HAB,A,2011,0.63,
IND,HOSPITALBED,TOT,1000HAB,A,2012,0.49,
IND,HOSPITALBED,TOT,1000HAB,A,2013,0.49,
IND,HOSPITALBED,TOT,1000HAB,A,2014,0.52,
IND,HOSPITALBED,TOT,1000HAB,A,2015,0.58,
IND,HOSPITALBED,TOT,1000HAB,A,2016,0.48,
IND,HOSPITALBED,TOT,1000HAB,A,2017,0.53,
IDN,HOSPITALBED,TOT,1000HAB,A,2009,0.59,
IDN,HOSPITALBED,TOT,1000HAB,A,2010,0.57,
IDN,HOSPITALBED,TOT,1000HAB,A,2011,0.62,
IDN,HOSPITALBED,TOT,1000HAB,A,2012,0.83,
IDN,HOSPITALBED,TOT,1000HAB,A,2013,0.99,
IDN,HOSPITALBED,TOT,1000HAB,A,2014,0.94,
IDN,HOSPITALBED,TOT,1000HAB,A,2015,0.98,
IDN,HOSPITALBED,TOT,1000HAB,A,2016,0.99,
IDN,HOSPITALBED,TOT,1000HAB,A,2017,1.04,
ISR,HOSPITALBED,TOT,1000HAB,A,1988,4.28,
ISR,HOSPITALBED,TOT,1000HAB,A,1989,4.26,
ISR,HOSPITALBED,TOT,1000HAB,A,1990,4.19,
ISR,HOSPITALBED,TOT,1000HAB,A,1991,3.99,
ISR,HOSPITALBED,TOT,1000HAB,A,1992,3.91,
ISR,HOSPITALBED,TOT,1000HAB,A,1993,3.87,
ISR,HOSPITALBED,TOT,1000HAB,A,1994,3.8,
ISR,HOSPITALBED,TOT,1000HAB,A,1995,3.73,
ISR,HOSPITALBED,TOT,1000HAB,A,1996,3.68,
ISR,HOSPITALBED,TOT,1000HAB,A,1997,3.64,
ISR,HOSPITALBED,TOT,1000HAB,A,1998,3.63,
ISR,HOSPITALBED,TOT,1000HAB,A,1999,3.59,
ISR,HOSPITALBED,TOT,1000HAB,A,2000,3.57,
ISR,HOSPITALBED,TOT,1000HAB,A,2001,3.6,
ISR,HOSPITALBED,TOT,1000HAB,A,2002,3.56,
ISR,HOSPITALBED,TOT,1000HAB,A,2003,3.66,
ISR,HOSPITALBED,TOT,1000HAB,A,2004,3.61,
ISR,HOSPITALBED,TOT,1000HAB,A,2005,3.56,
ISR,HOSPITALBED,TOT,1000HAB,A,2006,3.37,
ISR,HOSPITALBED,TOT,1000HAB,A,2007,3.32,
ISR,HOSPITALBED,TOT,1000HAB,A,2008,3.26,
ISR,HOSPITALBED,TOT,1000HAB,A,2009,3.16,
ISR,HOSPITALBED,TOT,1000HAB,A,2010,3.13,
ISR,HOSPITALBED,TOT,1000HAB,A,2011,3.11,
ISR,HOSPITALBED,TOT,1000HAB,A,2012,3.07,
ISR,HOSPITALBED,TOT,1000HAB,A,2013,3.07,
ISR,HOSPITALBED,TOT,1000HAB,A,2014,3.05,
ISR,HOSPITALBED,TOT,1000HAB,A,2015,3.0,
ISR,HOSPITALBED,TOT,1000HAB,A,2016,2.97,
ISR,HOSPITALBED,TOT,1000HAB,A,2017,3.0,
ISR,HOSPITALBED,TOT,1000HAB,A,2018,2.96,
ISR,HOSPITALBED,TOT,1000HAB,A,2019,2.96,
ISR,HOSPITALBED,TOT,1000HAB,A,2020,2.91,
RUS,HOSPITALBED,TOT,1000HAB,A,1985,12.99,
RUS,HOSPITALBED,TOT,1000HAB,A,1986,13.06,
RUS,HOSPITALBED,TOT,1000HAB,A,1987,13.15,
RUS,HOSPITALBED,TOT,1000HAB,A,1988,13.22,
RUS,HOSPITALBED,TOT,1000HAB,A,1989,13.23,
RUS,HOSPITALBED,TOT,1000HAB,A,1990,13.05,
RUS,HOSPITALBED,TOT,1000HAB,A,1991,12.69,
RUS,HOSPITALBED,TOT,1000HAB,A,1992,12.22,
RUS,HOSPITALBED,TOT,1000HAB,A,1993,12.06,
RUS,HOSPITALBED,TOT,1000HAB,A,1994,11.83,
RUS,HOSPITALBED,TOT,1000HAB,A,1995,11.75,
RUS,HOSPITALBED,TOT,1000HAB,A,1996,11.51,
RUS,HOSPITALBED,TOT,1000HAB,A,1997,11.2,
RUS,HOSPITALBED,TOT,1000HAB,A,1998,11.62,
RUS,HOSPITALBED,TOT,1000HAB,A,1999,11.36,
RUS,HOSPITALBED,TOT,1000HAB,A,2000,11.4,
RUS,HOSPITALBED,TOT,1000HAB,A,2001,11.33,
RUS,HOSPITALBED,TOT,1000HAB,A,2002,11.15,
RUS,HOSPITALBED,TOT,1000HAB,A,2003,11.04,
RUS,HOSPITALBED,TOT,1000HAB,A,2004,11.13,
RUS,HOSPITALBED,TOT,1000HAB,A,2005,11.01,
RUS,HOSPITALBED,TOT,1000HAB,A,2006,10.9,
RUS,HOSPITALBED,TOT,1000HAB,A,2007,10.71,
RUS,HOSPITALBED,TOT,1000HAB,A,2008,9.85,
RUS,HOSPITALBED,TOT,1000HAB,A,2009,9.68,
RUS,HOSPITALBED,TOT,1000HAB,A,2010,9.41,
RUS,HOSPITALBED,TOT,1000HAB,A,2011,9.42,
RUS,HOSPITALBED,TOT,1000HAB,A,2012,9.3,
RUS,HOSPITALBED,TOT,1000HAB,A,2013,9.07,
RUS,HOSPITALBED,TOT,1000HAB,A,2014,8.81,B
RUS,HOSPITALBED,TOT,1000HAB,A,2015,8.35,
RUS,HOSPITALBED,TOT,1000HAB,A,2016,8.17,
RUS,HOSPITALBED,TOT,1000HAB,A,2017,8.06,
RUS,HOSPITALBED,TOT,1000HAB,A,2018,7.98,
RUS,HOSPITALBED,TOT,1000HAB,A,2019,8.0,
SVN,HOSPITALBED,TOT,1000HAB,A,1980,6.93,
SVN,HOSPITALBED,TOT,1000HAB,A,1985,6.44,
SVN,HOSPITALBED,TOT,1000HAB,A,1986,6.33,
SVN,HOSPITALBED,TOT,1000HAB,A,1987,6.23,
SVN,HOSPITALBED,TOT,1000HAB,A,1988,6.14,
SVN,HOSPITALBED,TOT,1000HAB,A,1989,6.06,
SVN,HOSPITALBED,TOT,1000HAB,A,1990,6.05,
SVN,HOSPITALBED,TOT,1000HAB,A,1991,6.01,
SVN,HOSPITALBED,TOT,1000HAB,A,1992,5.93,
SVN,HOSPITALBED,TOT,1000HAB,A,1993,5.79,
SVN,HOSPITALBED,TOT,1000HAB,A,1994,5.78,
SVN,HOSPITALBED,TOT,1000HAB,A,1995,5.73,
SVN,HOSPITALBED,TOT,1000HAB,A,1996,5.67,
SVN,HOSPITALBED,TOT,1000HAB,A,1997,5.66,
SVN,HOSPITALBED,TOT,1000HAB,A,1998,5.6,
SVN,HOSPITALBED,TOT,1000HAB,A,1999,5.53,
SVN,HOSPITALBED,TOT,1000HAB,A,2000,5.4,
SVN,HOSPITALBED,TOT,1000HAB,A,2001,5.16,
SVN,HOSPITALBED,TOT,1000HAB,A,2002,5.09,
SVN,HOSPITALBED,TOT,1000HAB,A,2003,4.96,
SVN,HOSPITALBED,TOT,1000HAB,A,2004,4.8,
SVN,HOSPITALBED,TOT,1000HAB,A,2005,4.83,
SVN,HOSPITALBED,TOT,1000HAB,A,2006,4.77,
SVN,HOSPITALBED,TOT,1000HAB,A,2007,4.66,
SVN,HOSPITALBED,TOT,1000HAB,A,2008,4.74,
SVN,HOSPITALBED,TOT,1000HAB,A,2009,4.6,
SVN,HOSPITALBED,TOT,1000HAB,A,2010,4.57,
SVN,HOSPITALBED,TOT,1000HAB,A,2011,4.62,
SVN,HOSPITALBED,TOT,1000HAB,A,2012,4.54,
SVN,HOSPITALBED,TOT,1000HAB,A,2013,4.55,
SVN,HOSPITALBED,TOT,1000HAB,A,2014,4.54,
SVN,HOSPITALBED,TOT,1000HAB,A,2015,4.51,
SVN,HOSPITALBED,TOT,1000HAB,A,2016,4.49,
SVN,HOSPITALBED,TOT,1000HAB,A,2017,4.5,
SVN,HOSPITALBED,TOT,1000HAB,A,2018,4.43,
SVN,HOSPITALBED,TOT,1000HAB,A,2019,4.43,
ZAF,HOSPITALBED,TOT,1000HAB,A,1998,2.94,
ZAF,HOSPITALBED,TOT,1000HAB,A,1999,2.91,
ZAF,HOSPITALBED,TOT,1000HAB,A,2002,3.1,
ZAF,HOSPITALBED,TOT,1000HAB,A,2004,2.87,
ZAF,HOSPITALBED,TOT,1000HAB,A,2007,2.41,
ZAF,HOSPITALBED,TOT,1000HAB,A,2008,2.39,
ZAF,HOSPITALBED,TOT,1000HAB,A,2010,2.3,
COL,HOSPITALBED,TOT,1000HAB,A,2010,1.49,
COL,HOSPITALBED,TOT,1000HAB,A,2011,1.46,
COL,HOSPITALBED,TOT,1000HAB,A,2012,1.49,
COL,HOSPITALBED,TOT,1000HAB,A,2013,1.55,
COL,HOSPITALBED,TOT,1000HAB,A,2014,1.59,
COL,HOSPITALBED,TOT,1000HAB,A,2015,1.61,
COL,HOSPITALBED,TOT,1000HAB,A,2016,1.68,
COL,HOSPITALBED,TOT,1000HAB,A,2017,1.7,
COL,HOSPITALBED,TOT,1000HAB,A,2018,1.71,
COL,HOSPITALBED,TOT,1000HAB,A,2019,1.74,
COL,HOSPITALBED,TOT,1000HAB,A,2020,1.69,
LVA,HOSPITALBED,TOT,1000HAB,A,1970,11.93,
LVA,HOSPITALBED,TOT,1000HAB,A,1980,13.89,
LVA,HOSPITALBED,TOT,1000HAB,A,1985,13.64,
LVA,HOSPITALBED,TOT,1000HAB,A,1986,14.19,
LVA,HOSPITALBED,TOT,1000HAB,A,1987,14.24,
LVA,HOSPITALBED,TOT,1000HAB,A,1988,14.09,
LVA,HOSPITALBED,TOT,1000HAB,A,1989,13.48,
LVA,HOSPITALBED,TOT,1000HAB,A,1990,13.44,
LVA,HOSPITALBED,TOT,1000HAB,A,1991,13.43,
LVA,HOSPITALBED,TOT,1000HAB,A,1992,12.69,
LVA,HOSPITALBED,TOT,1000HAB,A,1993,12.23,
LVA,HOSPITALBED,TOT,1000HAB,A,1994,12.06,
LVA,HOSPITALBED,TOT,1000HAB,A,1995,11.19,
LVA,HOSPITALBED,TOT,1000HAB,A,1996,10.43,
LVA,HOSPITALBED,TOT,1000HAB,A,1997,9.8,
LVA,HOSPITALBED,TOT,1000HAB,A,1998,9.61,
LVA,HOSPITALBED,TOT,1000HAB,A,1999,9.03,
LVA,HOSPITALBED,TOT,1000HAB,A,2000,8.77,B
LVA,HOSPITALBED,TOT,1000HAB,A,2001,8.28,
LVA,HOSPITALBED,TOT,1000HAB,A,2002,7.87,
LVA,HOSPITALBED,TOT,1000HAB,A,2003,7.95,
LVA,HOSPITALBED,TOT,1000HAB,A,2004,7.91,
LVA,HOSPITALBED,TOT,1000HAB,A,2005,7.9,
LVA,HOSPITALBED,TOT,1000HAB,A,2006,7.85,
LVA,HOSPITALBED,TOT,1000HAB,A,2007,7.83,
LVA,HOSPITALBED,TOT,1000HAB,A,2008,7.77,
LVA,HOSPITALBED,TOT,1000HAB,A,2009,6.74,
LVA,HOSPITALBED,TOT,1000HAB,A,2010,5.68,
LVA,HOSPITALBED,TOT,1000HAB,A,2011,5.88,
LVA,HOSPITALBED,TOT,1000HAB,A,2012,5.89,
LVA,HOSPITALBED,TOT,1000HAB,A,2013,5.8,
LVA,HOSPITALBED,TOT,1000HAB,A,2014,5.66,
LVA,HOSPITALBED,TOT,1000HAB,A,2015,5.69,
LVA,HOSPITALBED,TOT,1000HAB,A,2016,5.72,
LVA,HOSPITALBED,TOT,1000HAB,A,2017,5.57,
LVA,HOSPITALBED,TOT,1000HAB,A,2018,5.49,
LVA,HOSPITALBED,TOT,1000HAB,A,2019,5.42,
LTU,HOSPITALBED,TOT,1000HAB,A,1960,7.82,
LTU,HOSPITALBED,TOT,1000HAB,A,1961,8.07,
LTU,HOSPITALBED,TOT,1000HAB,A,1962,8.26,
LTU,HOSPITALBED,TOT,1000HAB,A,1963,8.51,
LTU,HOSPITALBED,TOT,1000HAB,A,1964,8.72,
LTU,HOSPITALBED,TOT,1000HAB,A,1965,8.94,
LTU,HOSPITALBED,TOT,1000HAB,A,1966,9.29,
LTU,HOSPITALBED,TOT,1000HAB,A,1967,9.59,
LTU,HOSPITALBED,TOT,1000HAB,A,1968,9.83,
LTU,HOSPITALBED,TOT,1000HAB,A,1969,10.1,
LTU,HOSPITALBED,TOT,1000HAB,A,1970,10.31,
LTU,HOSPITALBED,TOT,1000HAB,A,1971,10.43,
LTU,HOSPITALBED,TOT,1000HAB,A,1972,10.57,
LTU,HOSPITALBED,TOT,1000HAB,A,1973,10.69,
LTU,HOSPITALBED,TOT,1000HAB,A,1974,10.83,
LTU,HOSPITALBED,TOT,1000HAB,A,1975,11.17,
LTU,HOSPITALBED,TOT,1000HAB,A,1976,11.32,
LTU,HOSPITALBED,TOT,1000HAB,A,1977,11.41,
LTU,HOSPITALBED,TOT,1000HAB,A,1978,11.56,
LTU,HOSPITALBED,TOT,1000HAB,A,1979,11.77,
LTU,HOSPITALBED,TOT,1000HAB,A,1980,12.07,
LTU,HOSPITALBED,TOT,1000HAB,A,1981,12.2,
LTU,HOSPITALBED,TOT,1000HAB,A,1982,12.29,
LTU,HOSPITALBED,TOT,1000HAB,A,1983,12.36,
LTU,HOSPITALBED,TOT,1000HAB,A,1984,12.54,
LTU,HOSPITALBED,TOT,1000HAB,A,1985,12.78,
LTU,HOSPITALBED,TOT,1000HAB,A,1986,12.77,
LTU,HOSPITALBED,TOT,1000HAB,A,1987,12.8,
LTU,HOSPITALBED,TOT,1000HAB,A,1988,12.81,
LTU,HOSPITALBED,TOT,1000HAB,A,1989,12.66,
LTU,HOSPITALBED,TOT,1000HAB,A,1990,12.49,
LTU,HOSPITALBED,TOT,1000HAB,A,1991,12.47,
LTU,HOSPITALBED,TOT,1000HAB,A,1992,12.05,
LTU,HOSPITALBED,TOT,1000HAB,A,1993,11.84,
LTU,HOSPITALBED,TOT,1000HAB,A,1994,11.17,
LTU,HOSPITALBED,TOT,1000HAB,A,1995,10.94,
LTU,HOSPITALBED,TOT,1000HAB,A,1996,10.6,
LTU,HOSPITALBED,TOT,1000HAB,A,1997,9.6,
LTU,HOSPITALBED,TOT,1000HAB,A,1998,9.07,
LTU,HOSPITALBED,TOT,1000HAB,A,1999,8.95,
LTU,HOSPITALBED,TOT,1000HAB,A,2000,8.83,
LTU,HOSPITALBED,TOT,1000HAB,A,2001,8.33,
LTU,HOSPITALBED,TOT,1000HAB,A,2002,8.1,
LTU,HOSPITALBED,TOT,1000HAB,A,2003,7.85,
LTU,HOSPITALBED,TOT,1000HAB,A,2004,7.57,
LTU,HOSPITALBED,TOT,1000HAB,A,2005,7.28,
LTU,HOSPITALBED,TOT,1000HAB,A,2006,7.16,
LTU,HOSPITALBED,TOT,1000HAB,A,2007,7.19,
LTU,HOSPITALBED,TOT,1000HAB,A,2008,7.18,
LTU,HOSPITALBED,TOT,1000HAB,A,2009,7.18,
LTU,HOSPITALBED,TOT,1000HAB,A,2010,7.16,
LTU,HOSPITALBED,TOT,1000HAB,A,2011,7.43,
LTU,HOSPITALBED,TOT,1000HAB,A,2012,7.45,
LTU,HOSPITALBED,TOT,1000HAB,A,2013,7.31,
LTU,HOSPITALBED,TOT,1000HAB,A,2014,7.26,
LTU,HOSPITALBED,TOT,1000HAB,A,2015,6.97,
LTU,HOSPITALBED,TOT,1000HAB,A,2016,6.69,
LTU,HOSPITALBED,TOT,1000HAB,A,2017,6.56,
LTU,HOSPITALBED,TOT,1000HAB,A,2018,6.43,
LTU,HOSPITALBED,TOT,1000HAB,A,2019,6.35,
CRI,HOSPITALBED,TOT,1000HAB,A,2000,1.65,
CRI,HOSPITALBED,TOT,1000HAB,A,2001,1.61,
CRI,HOSPITALBED,TOT,1000HAB,A,2002,1.57,
CRI,HOSPITALBED,TOT,1000HAB,A,2003,1.54,
CRI,HOSPITALBED,TOT,1000HAB,A,2004,1.5,
CRI,HOSPITALBED,TOT,1000HAB,A,2005,1.35,
CRI,HOSPITALBED,TOT,1000HAB,A,2006,1.32,
CRI,HOSPITALBED,TOT,1000HAB,A,2007,1.3,
CRI,HOSPITALBED,TOT,1000HAB,A,2008,1.25,
CRI,HOSPITALBED,TOT,1000HAB,A,2009,1.24,
CRI,HOSPITALBED,TOT,1000HAB,A,2010,1.24,
CRI,HOSPITALBED,TOT,1000HAB,A,2011,1.23,
CRI,HOSPITALBED,TOT,1000HAB,A,2012,1.2,
CRI,HOSPITALBED,TOT,1000HAB,A,2013,1.18,
CRI,HOSPITALBED,TOT,1000HAB,A,2014,1.17,
CRI,HOSPITALBED,TOT,1000HAB,A,2015,1.16,
CRI,HOSPITALBED,TOT,1000HAB,A,2016,1.15,
CRI,HOSPITALBED,TOT,1000HAB,A,2017,1.14,
CRI,HOSPITALBED,TOT,1000HAB,A,2018,1.11,
CRI,HOSPITALBED,TOT,1000HAB,A,2019,1.1,
CRI,HOSPITALBED,TOT,1000HAB,A,2020,1.15,B
